Cow_ID,earliest_clinical_Day,latest_clinical_Day,first_positive_day,positive_days,negative_days,total_observation_days
cow1,1970-01-01 00:00:00.000000001,1970-01-01 00:00:00.000000006,,0,6,6
cow10,1970-01-01 00:00:00.000000001,1970-01-01 00:00:00.000000006,1970-01-01 00:00:00.000000001,5,1,6
cow100,1970-01-01 00:00:00.000000001,1970-01-01 00:00:00.000000006,1970-01-01 00:00:00.000000001,6,0,6
cow1000,1970-01-01 00:00:00.000000001,1970-01-01 00:00:00.000000006,,0,6,6
cow1001,1970-01-01 00:00:00.000000001,1970-01-01 00:00:00.000000006,,0,6,6
cow1002,1970-01-01 00:00:00.000000001,1970-01-01 00:00:00.000000006,,0,6,6
cow1003,1970-01-01 00:00:00.000000001,1970-01-01 00:00:00.000000006,,0,6,6
cow1004,1970-01-01 00:00:00.000000001,1970-01-01 00:00:00.000000006,,0,6,6
cow1005,1970-01-01 00:00:00.000000001,1970-01-01 00:00:00.000000006,1970-01-01 00:00:00.000000001,6,0,6
cow1006,1970-01-01 00:00:00.000000001,1970-01-01 00:00:00.000000006,,0,6,6
cow1007,1970-01-01 00:00:00.000000001,1970-01-01 00:00:00.000000006,1970-01-01 00:00:00.000000001,6,0,6
cow1008,1970-01-01 00:00:00.000000001,1970-01-01 00:00:00.000000006,1970-01-01 00:00:00.000000001,6,0,6
cow1009,1970-01-01 00:00:00.000000001,1970-01-01 00:00:00.000000006,,0,6,6
cow101,1970-01-01 00:00:00.000000001,1970-01-01 00:00:00.000000006,1970-01-01 00:00:00.000000001,6,0,6
cow1010,1970-01-01 00:00:00.000000001,1970-01-01 00:00:00.000000006,,0,6,6
cow1011,1970-01-01 00:00:00.000000001,1970-01-01 00:00:00.000000006,,0,6,6
cow1012,1970-01-01 00:00:00.000000001,1970-01-01 00:00:00.000000006,,0,6,6
cow1013,1970-01-01 00:00:00.000000001,1970-01-01 00:00:00.000000006,,0,6,6
cow1014,1970-01-01 00:00:00.000000001,1970-01-01 00:00:00.000000006,,0,6,6
cow1015,1970-01-01 00:00:00.000000001,1970-01-01 00:00:00.000000006,,0,6,6
cow1016,1970-01-01 00:00:00.000000001,1970-01-01 00:00:00.000000006,,0,6,6
cow1017,1970-01-01 00:00:00.000000001,1970-01-01 00:00:00.000000006,,0,6,6
cow1018,1970-01-01 00:00:00.000000001,1970-01-01 00:00:00.000000006,,0,6,6
cow1019,1970-01-01 00:00:00.000000001,1970-01-01 00:00:00.000000006,,0,6,6
cow102,1970-01-01 00:00:00.000000001,1970-01-01 00:00:00.000000006,1970-01-01 00:00:00.000000001,6,0,6
cow1020,1970-01-01 00:00:00.000000001,1970-01-01 00:00:00.000000006,,0,6,6
cow1021,1970-01-01 00:00:00.000000001,1970-01-01 00:00:00.000000006,,0,6,6
cow1022,1970-01-01 00:00:00.000000001,1970-01-01 00:00:00.000000006,,0,6,6
cow1023,1970-01-01 00:00:00.000000001,1970-01-01 00:00:00.000000006,,0,6,6
cow1024,1970-01-01 00:00:00.000000001,1970-01-01 00:00:00.000000006,,0,6,6
cow1025,1970-01-01 00:00:00.000000001,1970-01-01 00:00:00.000000006,,0,6,6
cow1026,1970-01-01 00:00:00.000000001,1970-01-01 00:00:00.000000006,,0,6,6
cow1027,1970-01-01 00:00:00.000000001,1970-01-01 00:00:00.000000006,,0,6,6
cow1028,1970-01-01 00:00:00.000000001,1970-01-01 00:00:00.000000006,,0,6,6
cow1029,1970-01-01 00:00:00.000000001,1970-01-01 00:00:00.000000006,,0,6,6
cow103,1970-01-01 00:00:00.000000001,1970-01-01 00:00:00.000000006,1970-01-01 00:00:00.000000001,6,0,6
cow1030,1970-01-01 00:00:00.000000001,1970-01-01 00:00:00.000000006,1970-01-01 00:00:00.000000001,6,0,6
cow1031,1970-01-01 00:00:00.000000001,1970-01-01 00:00:00.000000006,,0,6,6
cow1032,1970-01-01 00:00:00.000000001,1970-01-01 00:00:00.000000006,,0,6,6
cow1033,1970-01-01 00:00:00.000000001,1970-01-01 00:00:00.000000006,,0,6,6
cow1034,1970-01-01 00:00:00.000000001,1970-01-01 00:00:00.000000006,,0,6,6
cow1035,1970-01-01 00:00:00.000000001,1970-01-01 00:00:00.000000006,,0,6,6
cow1036,1970-01-01 00:00:00.000000001,1970-01-01 00:00:00.000000006,,0,6,6
cow1037,1970-01-01 00:00:00.000000001,1970-01-01 00:00:00.000000006,,0,6,6
cow1038,1970-01-01 00:00:00.000000001,1970-01-01 00:00:00.000000006,,0,6,6
cow1039,1970-01-01 00:00:00.000000001,1970-01-01 00:00:00.000000006,,0,6,6
cow104,1970-01-01 00:00:00.000000001,1970-01-01 00:00:00.000000006,,0,6,6
cow1040,1970-01-01 00:00:00.000000001,1970-01-01 00:00:00.000000006,,0,6,6
cow1041,1970-01-01 00:00:00.000000001,1970-01-01 00:00:00.000000006,,0,6,6
cow1042,1970-01-01 00:00:00.000000001,1970-01-01 00:00:00.000000006,,0,6,6
cow1043,1970-01-01 00:00:00.000000001,1970-01-01 00:00:00.000000006,,0,6,6
cow1044,1970-01-01 00:00:00.000000001,1970-01-01 00:00:00.000000006,1970-01-01 00:00:00.000000001,6,0,6
cow1045,1970-01-01 00:00:00.000000001,1970-01-01 00:00:00.000000006,,0,6,6
cow1046,1970-01-01 00:00:00.000000001,1970-01-01 00:00:00.000000006,,0,6,6
cow1047,1970-01-01 00:00:00.000000001,1970-01-01 00:00:00.000000006,,0,6,6
cow1048,1970-01-01 00:00:00.000000001,1970-01-01 00:00:00.000000006,1970-01-01 00:00:00.000000001,6,0,6
cow1049,1970-01-01 00:00:00.000000001,1970-01-01 00:00:00.000000006,1970-01-01 00:00:00.000000001,6,0,6
cow105,1970-01-01 00:00:00.000000001,1970-01-01 00:00:00.000000006,,0,6,6
cow1050,1970-01-01 00:00:00.000000001,1970-01-01 00:00:00.000000006,1970-01-01 00:00:00.000000001,6,0,6
cow1051,1970-01-01 00:00:00.000000001,1970-01-01 00:00:00.000000006,1970-01-01 00:00:00.000000001,6,0,6
cow1052,1970-01-01 00:00:00.000000001,1970-01-01 00:00:00.000000006,,0,6,6
cow1053,1970-01-01 00:00:00.000000001,1970-01-01 00:00:00.000000006,,0,6,6
cow1054,1970-01-01 00:00:00.000000001,1970-01-01 00:00:00.000000006,,0,6,6
cow1055,1970-01-01 00:00:00.000000001,1970-01-01 00:00:00.000000006,,0,6,6
cow1056,1970-01-01 00:00:00.000000001,1970-01-01 00:00:00.000000006,,0,6,6
cow1057,1970-01-01 00:00:00.000000001,1970-01-01 00:00:00.000000006,,0,6,6
cow1058,1970-01-01 00:00:00.000000001,1970-01-01 00:00:00.000000006,,0,6,6
cow1059,1970-01-01 00:00:00.000000001,1970-01-01 00:00:00.000000006,,0,6,6
cow106,1970-01-01 00:00:00.000000001,1970-01-01 00:00:00.000000006,1970-01-01 00:00:00.000000001,6,0,6
cow1060,1970-01-01 00:00:00.000000001,1970-01-01 00:00:00.000000006,,0,6,6
cow1061,1970-01-01 00:00:00.000000001,1970-01-01 00:00:00.000000006,,0,6,6
cow1062,1970-01-01 00:00:00.000000001,1970-01-01 00:00:00.000000006,,0,6,6
cow1063,1970-01-01 00:00:00.000000001,1970-01-01 00:00:00.000000006,,0,6,6
cow1064,1970-01-01 00:00:00.000000001,1970-01-01 00:00:00.000000006,,0,6,6
cow1065,1970-01-01 00:00:00.000000001,1970-01-01 00:00:00.000000006,,0,6,6
cow1066,1970-01-01 00:00:00.000000001,1970-01-01 00:00:00.000000006,,0,6,6
cow1067,1970-01-01 00:00:00.000000001,1970-01-01 00:00:00.000000006,,0,6,6
cow1068,1970-01-01 00:00:00.000000001,1970-01-01 00:00:00.000000006,1970-01-01 00:00:00.000000001,6,0,6
cow1069,1970-01-01 00:00:00.000000001,1970-01-01 00:00:00.000000006,,0,6,6
cow107,1970-01-01 00:00:00.000000001,1970-01-01 00:00:00.000000006,1970-01-01 00:00:00.000000001,6,0,6
cow1070,1970-01-01 00:00:00.000000001,1970-01-01 00:00:00.000000006,,0,6,6
cow1071,1970-01-01 00:00:00.000000001,1970-01-01 00:00:00.000000006,,0,6,6
cow1072,1970-01-01 00:00:00.000000001,1970-01-01 00:00:00.000000006,,0,6,6
cow1073,1970-01-01 00:00:00.000000001,1970-01-01 00:00:00.000000006,,0,6,6
cow1074,1970-01-01 00:00:00.000000001,1970-01-01 00:00:00.000000006,,0,6,6
cow1075,1970-01-01 00:00:00.000000001,1970-01-01 00:00:00.000000006,,0,6,6
cow1076,1970-01-01 00:00:00.000000001,1970-01-01 00:00:00.000000006,1970-01-01 00:00:00.000000001,6,0,6
cow1077,1970-01-01 00:00:00.000000001,1970-01-01 00:00:00.000000006,,0,6,6
cow1078,1970-01-01 00:00:00.000000001,1970-01-01 00:00:00.000000006,,0,6,6
cow1079,1970-01-01 00:00:00.000000001,1970-01-01 00:00:00.000000006,,0,6,6
cow108,1970-01-01 00:00:00.000000001,1970-01-01 00:00:00.000000006,,0,6,6
cow1080,1970-01-01 00:00:00.000000001,1970-01-01 00:00:00.000000006,,0,6,6
cow1081,1970-01-01 00:00:00.000000001,1970-01-01 00:00:00.000000006,,0,6,6
cow1082,1970-01-01 00:00:00.000000001,1970-01-01 00:00:00.000000006,,0,6,6
cow1083,1970-01-01 00:00:00.000000001,1970-01-01 00:00:00.000000006,,0,6,6
cow1084,1970-01-01 00:00:00.000000001,1970-01-01 00:00:00.000000006,,0,6,6
cow1085,1970-01-01 00:00:00.000000001,1970-01-01 00:00:00.000000006,1970-01-01 00:00:00.000000001,6,0,6
cow1086,1970-01-01 00:00:00.000000001,1970-01-01 00:00:00.000000006,,0,6,6
cow1087,1970-01-01 00:00:00.000000001,1970-01-01 00:00:00.000000006,,0,6,6
cow1088,1970-01-01 00:00:00.000000001,1970-01-01 00:00:00.000000006,1970-01-01 00:00:00.000000001,6,0,6
cow1089,1970-01-01 00:00:00.000000001,1970-01-01 00:00:00.000000006,,0,6,6
cow109,1970-01-01 00:00:00.000000001,1970-01-01 00:00:00.000000006,1970-01-01 00:00:00.000000001,6,0,6
cow1090,1970-01-01 00:00:00.000000001,1970-01-01 00:00:00.000000006,,0,6,6
cow1091,1970-01-01 00:00:00.000000001,1970-01-01 00:00:00.000000006,,0,6,6
cow1092,1970-01-01 00:00:00.000000001,1970-01-01 00:00:00.000000006,,0,6,6
cow1093,1970-01-01 00:00:00.000000001,1970-01-01 00:00:00.000000006,1970-01-01 00:00:00.000000001,6,0,6
cow1094,1970-01-01 00:00:00.000000001,1970-01-01 00:00:00.000000006,,0,6,6
cow1095,1970-01-01 00:00:00.000000001,1970-01-01 00:00:00.000000006,,0,6,6
cow1096,1970-01-01 00:00:00.000000001,1970-01-01 00:00:00.000000006,,0,6,6
cow1097,1970-01-01 00:00:00.000000001,1970-01-01 00:00:00.000000006,,0,6,6
cow1098,1970-01-01 00:00:00.000000001,1970-01-01 00:00:00.000000006,1970-01-01 00:00:00.000000001,6,0,6
cow1099,1970-01-01 00:00:00.000000001,1970-01-01 00:00:00.000000006,1970-01-01 00:00:00.000000001,6,0,6
cow11,1970-01-01 00:00:00.000000001,1970-01-01 00:00:00.000000006,,0,6,6
cow110,1970-01-01 00:00:00.000000001,1970-01-01 00:00:00.000000006,,0,6,6
cow1100,1970-01-01 00:00:00.000000001,1970-01-01 00:00:00.000000006,1970-01-01 00:00:00.000000001,6,0,6
cow111,1970-01-01 00:00:00.000000001,1970-01-01 00:00:00.000000006,1970-01-01 00:00:00.000000001,6,0,6
cow112,1970-01-01 00:00:00.000000001,1970-01-01 00:00:00.000000006,1970-01-01 00:00:00.000000001,6,0,6
cow113,1970-01-01 00:00:00.000000001,1970-01-01 00:00:00.000000006,1970-01-01 00:00:00.000000001,6,0,6
cow114,1970-01-01 00:00:00.000000001,1970-01-01 00:00:00.000000006,1970-01-01 00:00:00.000000001,6,0,6
cow115,1970-01-01 00:00:00.000000001,1970-01-01 00:00:00.000000006,1970-01-01 00:00:00.000000001,6,0,6
cow116,1970-01-01 00:00:00.000000001,1970-01-01 00:00:00.000000006,1970-01-01 00:00:00.000000001,6,0,6
cow117,1970-01-01 00:00:00.000000001,1970-01-01 00:00:00.000000006,1970-01-01 00:00:00.000000001,6,0,6
cow118,1970-01-01 00:00:00.000000001,1970-01-01 00:00:00.000000006,1970-01-01 00:00:00.000000001,6,0,6
cow119,1970-01-01 00:00:00.000000001,1970-01-01 00:00:00.000000006,1970-01-01 00:00:00.000000001,6,0,6
cow12,1970-01-01 00:00:00.000000001,1970-01-01 00:00:00.000000006,1970-01-01 00:00:00.000000001,6,0,6
cow120,1970-01-01 00:00:00.000000001,1970-01-01 00:00:00.000000006,,0,6,6
cow121,1970-01-01 00:00:00.000000001,1970-01-01 00:00:00.000000006,1970-01-01 00:00:00.000000001,6,0,6
cow122,1970-01-01 00:00:00.000000001,1970-01-01 00:00:00.000000006,1970-01-01 00:00:00.000000001,6,0,6
cow123,1970-01-01 00:00:00.000000001,1970-01-01 00:00:00.000000006,1970-01-01 00:00:00.000000001,6,0,6
cow124,1970-01-01 00:00:00.000000001,1970-01-01 00:00:00.000000006,1970-01-01 00:00:00.000000001,6,0,6
cow125,1970-01-01 00:00:00.000000001,1970-01-01 00:00:00.000000006,1970-01-01 00:00:00.000000001,6,0,6
cow126,1970-01-01 00:00:00.000000001,1970-01-01 00:00:00.000000006,1970-01-01 00:00:00.000000001,6,0,6
cow127,1970-01-01 00:00:00.000000001,1970-01-01 00:00:00.000000006,,0,6,6
cow128,1970-01-01 00:00:00.000000001,1970-01-01 00:00:00.000000006,1970-01-01 00:00:00.000000001,6,0,6
cow129,1970-01-01 00:00:00.000000001,1970-01-01 00:00:00.000000006,,0,6,6
cow13,1970-01-01 00:00:00.000000001,1970-01-01 00:00:00.000000006,1970-01-01 00:00:00.000000001,6,0,6
cow130,1970-01-01 00:00:00.000000001,1970-01-01 00:00:00.000000006,,0,6,6
cow131,1970-01-01 00:00:00.000000001,1970-01-01 00:00:00.000000006,1970-01-01 00:00:00.000000001,6,0,6
cow132,1970-01-01 00:00:00.000000001,1970-01-01 00:00:00.000000006,1970-01-01 00:00:00.000000001,6,0,6
cow133,1970-01-01 00:00:00.000000001,1970-01-01 00:00:00.000000006,1970-01-01 00:00:00.000000001,6,0,6
cow134,1970-01-01 00:00:00.000000001,1970-01-01 00:00:00.000000006,,0,6,6
cow135,1970-01-01 00:00:00.000000001,1970-01-01 00:00:00.000000006,1970-01-01 00:00:00.000000001,6,0,6
cow136,1970-01-01 00:00:00.000000001,1970-01-01 00:00:00.000000006,1970-01-01 00:00:00.000000001,6,0,6
cow137,1970-01-01 00:00:00.000000001,1970-01-01 00:00:00.000000006,1970-01-01 00:00:00.000000001,6,0,6
cow138,1970-01-01 00:00:00.000000001,1970-01-01 00:00:00.000000006,1970-01-01 00:00:00.000000001,6,0,6
cow139,1970-01-01 00:00:00.000000001,1970-01-01 00:00:00.000000006,1970-01-01 00:00:00.000000001,6,0,6
cow14,1970-01-01 00:00:00.000000001,1970-01-01 00:00:00.000000006,,0,6,6
cow140,1970-01-01 00:00:00.000000001,1970-01-01 00:00:00.000000006,,0,6,6
cow141,1970-01-01 00:00:00.000000001,1970-01-01 00:00:00.000000006,1970-01-01 00:00:00.000000001,6,0,6
cow142,1970-01-01 00:00:00.000000001,1970-01-01 00:00:00.000000006,,0,6,6
cow143,1970-01-01 00:00:00.000000001,1970-01-01 00:00:00.000000006,,0,6,6
cow144,1970-01-01 00:00:00.000000001,1970-01-01 00:00:00.000000006,,0,6,6
cow145,1970-01-01 00:00:00.000000001,1970-01-01 00:00:00.000000006,1970-01-01 00:00:00.000000001,6,0,6
cow146,1970-01-01 00:00:00.000000001,1970-01-01 00:00:00.000000006,,0,6,6
cow147,1970-01-01 00:00:00.000000001,1970-01-01 00:00:00.000000006,,0,6,6
cow148,1970-01-01 00:00:00.000000001,1970-01-01 00:00:00.000000006,1970-01-01 00:00:00.000000001,6,0,6
cow149,1970-01-01 00:00:00.000000001,1970-01-01 00:00:00.000000006,1970-01-01 00:00:00.000000001,6,0,6
cow15,1970-01-01 00:00:00.000000001,1970-01-01 00:00:00.000000006,1970-01-01 00:00:00.000000001,6,0,6
cow150,1970-01-01 00:00:00.000000001,1970-01-01 00:00:00.000000006,1970-01-01 00:00:00.000000001,6,0,6
cow151,1970-01-01 00:00:00.000000001,1970-01-01 00:00:00.000000006,,0,6,6
cow152,1970-01-01 00:00:00.000000001,1970-01-01 00:00:00.000000006,,0,6,6
cow153,1970-01-01 00:00:00.000000001,1970-01-01 00:00:00.000000006,1970-01-01 00:00:00.000000001,6,0,6
cow154,1970-01-01 00:00:00.000000001,1970-01-01 00:00:00.000000006,1970-01-01 00:00:00.000000001,6,0,6
cow155,1970-01-01 00:00:00.000000001,1970-01-01 00:00:00.000000006,1970-01-01 00:00:00.000000001,6,0,6
cow156,1970-01-01 00:00:00.000000001,1970-01-01 00:00:00.000000006,1970-01-01 00:00:00.000000001,6,0,6
cow157,1970-01-01 00:00:00.000000001,1970-01-01 00:00:00.000000006,,0,6,6
cow158,1970-01-01 00:00:00.000000001,1970-01-01 00:00:00.000000006,1970-01-01 00:00:00.000000001,6,0,6
cow159,1970-01-01 00:00:00.000000001,1970-01-01 00:00:00.000000006,,0,6,6
cow16,1970-01-01 00:00:00.000000001,1970-01-01 00:00:00.000000006,,0,6,6
cow160,1970-01-01 00:00:00.000000001,1970-01-01 00:00:00.000000006,1970-01-01 00:00:00.000000001,6,0,6
cow161,1970-01-01 00:00:00.000000001,1970-01-01 00:00:00.000000006,,0,6,6
cow162,1970-01-01 00:00:00.000000001,1970-01-01 00:00:00.000000006,1970-01-01 00:00:00.000000001,6,0,6
cow163,1970-01-01 00:00:00.000000001,1970-01-01 00:00:00.000000006,,0,6,6
cow164,1970-01-01 00:00:00.000000001,1970-01-01 00:00:00.000000006,,0,6,6
cow165,1970-01-01 00:00:00.000000001,1970-01-01 00:00:00.000000006,1970-01-01 00:00:00.000000001,6,0,6
cow166,1970-01-01 00:00:00.000000001,1970-01-01 00:00:00.000000006,1970-01-01 00:00:00.000000001,6,0,6
cow167,1970-01-01 00:00:00.000000001,1970-01-01 00:00:00.000000006,1970-01-01 00:00:00.000000001,6,0,6
cow168,1970-01-01 00:00:00.000000001,1970-01-01 00:00:00.000000006,1970-01-01 00:00:00.000000001,6,0,6
cow169,1970-01-01 00:00:00.000000001,1970-01-01 00:00:00.000000006,1970-01-01 00:00:00.000000001,6,0,6
cow17,1970-01-01 00:00:00.000000001,1970-01-01 00:00:00.000000006,1970-01-01 00:00:00.000000001,6,0,6
cow170,1970-01-01 00:00:00.000000001,1970-01-01 00:00:00.000000006,1970-01-01 00:00:00.000000001,6,0,6
cow171,1970-01-01 00:00:00.000000001,1970-01-01 00:00:00.000000006,1970-01-01 00:00:00.000000001,6,0,6
cow172,1970-01-01 00:00:00.000000001,1970-01-01 00:00:00.000000006,1970-01-01 00:00:00.000000001,6,0,6
cow173,1970-01-01 00:00:00.000000001,1970-01-01 00:00:00.000000006,1970-01-01 00:00:00.000000001,6,0,6
cow174,1970-01-01 00:00:00.000000001,1970-01-01 00:00:00.000000006,1970-01-01 00:00:00.000000001,6,0,6
cow175,1970-01-01 00:00:00.000000001,1970-01-01 00:00:00.000000006,1970-01-01 00:00:00.000000001,6,0,6
cow176,1970-01-01 00:00:00.000000001,1970-01-01 00:00:00.000000006,1970-01-01 00:00:00.000000001,6,0,6
cow177,1970-01-01 00:00:00.000000001,1970-01-01 00:00:00.000000006,,0,6,6
cow178,1970-01-01 00:00:00.000000001,1970-01-01 00:00:00.000000006,,0,6,6
cow179,1970-01-01 00:00:00.000000001,1970-01-01 00:00:00.000000006,1970-01-01 00:00:00.000000001,6,0,6
cow18,1970-01-01 00:00:00.000000001,1970-01-01 00:00:00.000000006,1970-01-01 00:00:00.000000001,6,0,6
cow180,1970-01-01 00:00:00.000000001,1970-01-01 00:00:00.000000006,1970-01-01 00:00:00.000000001,6,0,6
cow181,1970-01-01 00:00:00.000000001,1970-01-01 00:00:00.000000006,1970-01-01 00:00:00.000000001,6,0,6
cow182,1970-01-01 00:00:00.000000001,1970-01-01 00:00:00.000000006,1970-01-01 00:00:00.000000001,6,0,6
cow183,1970-01-01 00:00:00.000000001,1970-01-01 00:00:00.000000006,,0,6,6
cow184,1970-01-01 00:00:00.000000001,1970-01-01 00:00:00.000000006,,0,6,6
cow185,1970-01-01 00:00:00.000000001,1970-01-01 00:00:00.000000006,1970-01-01 00:00:00.000000001,6,0,6
cow186,1970-01-01 00:00:00.000000001,1970-01-01 00:00:00.000000006,1970-01-01 00:00:00.000000001,6,0,6
cow187,1970-01-01 00:00:00.000000001,1970-01-01 00:00:00.000000006,1970-01-01 00:00:00.000000001,6,0,6
cow188,1970-01-01 00:00:00.000000001,1970-01-01 00:00:00.000000006,1970-01-01 00:00:00.000000001,6,0,6
cow189,1970-01-01 00:00:00.000000001,1970-01-01 00:00:00.000000006,1970-01-01 00:00:00.000000001,6,0,6
cow19,1970-01-01 00:00:00.000000001,1970-01-01 00:00:00.000000006,1970-01-01 00:00:00.000000001,6,0,6
cow190,1970-01-01 00:00:00.000000001,1970-01-01 00:00:00.000000006,1970-01-01 00:00:00.000000001,6,0,6
cow191,1970-01-01 00:00:00.000000001,1970-01-01 00:00:00.000000006,1970-01-01 00:00:00.000000001,6,0,6
cow192,1970-01-01 00:00:00.000000001,1970-01-01 00:00:00.000000006,1970-01-01 00:00:00.000000001,6,0,6
cow193,1970-01-01 00:00:00.000000001,1970-01-01 00:00:00.000000006,,0,6,6
cow194,1970-01-01 00:00:00.000000001,1970-01-01 00:00:00.000000006,,0,6,6
cow195,1970-01-01 00:00:00.000000001,1970-01-01 00:00:00.000000006,,0,6,6
cow196,1970-01-01 00:00:00.000000001,1970-01-01 00:00:00.000000006,,0,6,6
cow197,1970-01-01 00:00:00.000000001,1970-01-01 00:00:00.000000006,1970-01-01 00:00:00.000000001,6,0,6
cow198,1970-01-01 00:00:00.000000001,1970-01-01 00:00:00.000000006,,0,6,6
cow199,1970-01-01 00:00:00.000000001,1970-01-01 00:00:00.000000006,1970-01-01 00:00:00.000000001,6,0,6
cow2,1970-01-01 00:00:00.000000001,1970-01-01 00:00:00.000000006,1970-01-01 00:00:00.000000001,6,0,6
cow20,1970-01-01 00:00:00.000000001,1970-01-01 00:00:00.000000006,,0,6,6
cow200,1970-01-01 00:00:00.000000001,1970-01-01 00:00:00.000000006,,0,6,6
cow201,1970-01-01 00:00:00.000000001,1970-01-01 00:00:00.000000006,1970-01-01 00:00:00.000000001,6,0,6
cow202,1970-01-01 00:00:00.000000001,1970-01-01 00:00:00.000000006,,0,6,6
cow203,1970-01-01 00:00:00.000000001,1970-01-01 00:00:00.000000006,,0,6,6
cow204,1970-01-01 00:00:00.000000001,1970-01-01 00:00:00.000000006,1970-01-01 00:00:00.000000001,6,0,6
cow205,1970-01-01 00:00:00.000000001,1970-01-01 00:00:00.000000006,1970-01-01 00:00:00.000000001,6,0,6
cow206,1970-01-01 00:00:00.000000001,1970-01-01 00:00:00.000000006,1970-01-01 00:00:00.000000001,6,0,6
cow207,1970-01-01 00:00:00.000000001,1970-01-01 00:00:00.000000006,,0,6,6
cow208,1970-01-01 00:00:00.000000001,1970-01-01 00:00:00.000000006,,0,6,6
cow209,1970-01-01 00:00:00.000000001,1970-01-01 00:00:00.000000006,,0,6,6
cow21,1970-01-01 00:00:00.000000001,1970-01-01 00:00:00.000000006,1970-01-01 00:00:00.000000001,6,0,6
cow210,1970-01-01 00:00:00.000000001,1970-01-01 00:00:00.000000006,,0,6,6
cow211,1970-01-01 00:00:00.000000001,1970-01-01 00:00:00.000000006,1970-01-01 00:00:00.000000001,6,0,6
cow212,1970-01-01 00:00:00.000000001,1970-01-01 00:00:00.000000006,,0,6,6
cow213,1970-01-01 00:00:00.000000001,1970-01-01 00:00:00.000000006,1970-01-01 00:00:00.000000001,6,0,6
cow214,1970-01-01 00:00:00.000000001,1970-01-01 00:00:00.000000006,,0,6,6
cow215,1970-01-01 00:00:00.000000001,1970-01-01 00:00:00.000000006,1970-01-01 00:00:00.000000001,6,0,6
cow216,1970-01-01 00:00:00.000000001,1970-01-01 00:00:00.000000006,,0,6,6
cow217,1970-01-01 00:00:00.000000001,1970-01-01 00:00:00.000000006,,0,6,6
cow218,1970-01-01 00:00:00.000000001,1970-01-01 00:00:00.000000006,,0,6,6
cow219,1970-01-01 00:00:00.000000001,1970-01-01 00:00:00.000000006,1970-01-01 00:00:00.000000001,6,0,6
cow22,1970-01-01 00:00:00.000000001,1970-01-01 00:00:00.000000006,,0,6,6
cow220,1970-01-01 00:00:00.000000001,1970-01-01 00:00:00.000000006,,0,6,6
cow221,1970-01-01 00:00:00.000000001,1970-01-01 00:00:00.000000006,,0,6,6
cow222,1970-01-01 00:00:00.000000001,1970-01-01 00:00:00.000000006,,0,6,6
cow223,1970-01-01 00:00:00.000000001,1970-01-01 00:00:00.000000006,,0,6,6
cow224,1970-01-01 00:00:00.000000001,1970-01-01 00:00:00.000000006,,0,6,6
cow225,1970-01-01 00:00:00.000000001,1970-01-01 00:00:00.000000006,,0,6,6
cow226,1970-01-01 00:00:00.000000001,1970-01-01 00:00:00.000000006,,0,6,6
cow227,1970-01-01 00:00:00.000000001,1970-01-01 00:00:00.000000006,,0,6,6
cow228,1970-01-01 00:00:00.000000001,1970-01-01 00:00:00.000000006,1970-01-01 00:00:00.000000001,6,0,6
cow229,1970-01-01 00:00:00.000000001,1970-01-01 00:00:00.000000006,,0,6,6
cow23,1970-01-01 00:00:00.000000001,1970-01-01 00:00:00.000000006,1970-01-01 00:00:00.000000001,6,0,6
cow230,1970-01-01 00:00:00.000000001,1970-01-01 00:00:00.000000006,1970-01-01 00:00:00.000000001,6,0,6
cow231,1970-01-01 00:00:00.000000001,1970-01-01 00:00:00.000000006,,0,6,6
cow232,1970-01-01 00:00:00.000000001,1970-01-01 00:00:00.000000006,,0,6,6
cow233,1970-01-01 00:00:00.000000001,1970-01-01 00:00:00.000000006,1970-01-01 00:00:00.000000001,6,0,6
cow234,1970-01-01 00:00:00.000000001,1970-01-01 00:00:00.000000006,1970-01-01 00:00:00.000000001,6,0,6
cow235,1970-01-01 00:00:00.000000001,1970-01-01 00:00:00.000000006,1970-01-01 00:00:00.000000001,6,0,6
cow236,1970-01-01 00:00:00.000000001,1970-01-01 00:00:00.000000006,1970-01-01 00:00:00.000000001,6,0,6
cow237,1970-01-01 00:00:00.000000001,1970-01-01 00:00:00.000000006,,0,6,6
cow238,1970-01-01 00:00:00.000000001,1970-01-01 00:00:00.000000006,,0,6,6
cow239,1970-01-01 00:00:00.000000001,1970-01-01 00:00:00.000000006,,0,6,6
cow24,1970-01-01 00:00:00.000000001,1970-01-01 00:00:00.000000006,1970-01-01 00:00:00.000000001,6,0,6
cow240,1970-01-01 00:00:00.000000001,1970-01-01 00:00:00.000000006,,0,6,6
cow241,1970-01-01 00:00:00.000000001,1970-01-01 00:00:00.000000006,,0,6,6
cow242,1970-01-01 00:00:00.000000001,1970-01-01 00:00:00.000000006,1970-01-01 00:00:00.000000001,6,0,6
cow243,1970-01-01 00:00:00.000000001,1970-01-01 00:00:00.000000006,1970-01-01 00:00:00.000000001,6,0,6
cow244,1970-01-01 00:00:00.000000001,1970-01-01 00:00:00.000000006,1970-01-01 00:00:00.000000001,6,0,6
cow245,1970-01-01 00:00:00.000000001,1970-01-01 00:00:00.000000006,,0,6,6
cow246,1970-01-01 00:00:00.000000001,1970-01-01 00:00:00.000000006,1970-01-01 00:00:00.000000001,6,0,6
cow247,1970-01-01 00:00:00.000000001,1970-01-01 00:00:00.000000006,,0,6,6
cow248,1970-01-01 00:00:00.000000001,1970-01-01 00:00:00.000000006,,0,6,6
cow249,1970-01-01 00:00:00.000000001,1970-01-01 00:00:00.000000006,,0,6,6
cow25,1970-01-01 00:00:00.000000001,1970-01-01 00:00:00.000000006,1970-01-01 00:00:00.000000001,6,0,6
cow250,1970-01-01 00:00:00.000000001,1970-01-01 00:00:00.000000006,,0,6,6
cow251,1970-01-01 00:00:00.000000001,1970-01-01 00:00:00.000000006,1970-01-01 00:00:00.000000001,6,0,6
cow252,1970-01-01 00:00:00.000000001,1970-01-01 00:00:00.000000006,,0,6,6
cow253,1970-01-01 00:00:00.000000001,1970-01-01 00:00:00.000000006,,0,6,6
cow254,1970-01-01 00:00:00.000000001,1970-01-01 00:00:00.000000006,,0,6,6
cow255,1970-01-01 00:00:00.000000001,1970-01-01 00:00:00.000000006,1970-01-01 00:00:00.000000001,6,0,6
cow256,1970-01-01 00:00:00.000000001,1970-01-01 00:00:00.000000006,,0,6,6
cow257,1970-01-01 00:00:00.000000001,1970-01-01 00:00:00.000000006,1970-01-01 00:00:00.000000001,6,0,6
cow258,1970-01-01 00:00:00.000000001,1970-01-01 00:00:00.000000006,1970-01-01 00:00:00.000000001,6,0,6
cow259,1970-01-01 00:00:00.000000001,1970-01-01 00:00:00.000000006,1970-01-01 00:00:00.000000001,6,0,6
cow26,1970-01-01 00:00:00.000000001,1970-01-01 00:00:00.000000006,,0,6,6
cow260,1970-01-01 00:00:00.000000001,1970-01-01 00:00:00.000000006,1970-01-01 00:00:00.000000001,6,0,6
cow261,1970-01-01 00:00:00.000000001,1970-01-01 00:00:00.000000006,,0,6,6
cow262,1970-01-01 00:00:00.000000001,1970-01-01 00:00:00.000000006,,0,6,6
cow263,1970-01-01 00:00:00.000000001,1970-01-01 00:00:00.000000006,1970-01-01 00:00:00.000000001,6,0,6
cow264,1970-01-01 00:00:00.000000001,1970-01-01 00:00:00.000000006,,0,6,6
cow265,1970-01-01 00:00:00.000000001,1970-01-01 00:00:00.000000006,,0,6,6
cow266,1970-01-01 00:00:00.000000001,1970-01-01 00:00:00.000000006,,0,6,6
cow267,1970-01-01 00:00:00.000000001,1970-01-01 00:00:00.000000006,,0,6,6
cow268,1970-01-01 00:00:00.000000001,1970-01-01 00:00:00.000000006,1970-01-01 00:00:00.000000001,6,0,6
cow269,1970-01-01 00:00:00.000000001,1970-01-01 00:00:00.000000006,,0,6,6
cow27,1970-01-01 00:00:00.000000001,1970-01-01 00:00:00.000000006,1970-01-01 00:00:00.000000001,6,0,6
cow270,1970-01-01 00:00:00.000000001,1970-01-01 00:00:00.000000006,,0,6,6
cow271,1970-01-01 00:00:00.000000001,1970-01-01 00:00:00.000000006,,0,6,6
cow272,1970-01-01 00:00:00.000000001,1970-01-01 00:00:00.000000006,,0,6,6
cow273,1970-01-01 00:00:00.000000001,1970-01-01 00:00:00.000000006,,0,6,6
cow274,1970-01-01 00:00:00.000000001,1970-01-01 00:00:00.000000006,,0,6,6
cow275,1970-01-01 00:00:00.000000001,1970-01-01 00:00:00.000000006,,0,6,6
cow276,1970-01-01 00:00:00.000000001,1970-01-01 00:00:00.000000006,1970-01-01 00:00:00.000000001,6,0,6
cow277,1970-01-01 00:00:00.000000001,1970-01-01 00:00:00.000000006,,0,6,6
cow278,1970-01-01 00:00:00.000000001,1970-01-01 00:00:00.000000006,1970-01-01 00:00:00.000000001,6,0,6
cow279,1970-01-01 00:00:00.000000001,1970-01-01 00:00:00.000000006,1970-01-01 00:00:00.000000001,6,0,6
cow28,1970-01-01 00:00:00.000000001,1970-01-01 00:00:00.000000006,1970-01-01 00:00:00.000000001,6,0,6
cow280,1970-01-01 00:00:00.000000001,1970-01-01 00:00:00.000000006,1970-01-01 00:00:00.000000001,6,0,6
cow281,1970-01-01 00:00:00.000000001,1970-01-01 00:00:00.000000006,,0,6,6
cow282,1970-01-01 00:00:00.000000001,1970-01-01 00:00:00.000000006,,0,6,6
cow283,1970-01-01 00:00:00.000000001,1970-01-01 00:00:00.000000006,,0,6,6
cow284,1970-01-01 00:00:00.000000001,1970-01-01 00:00:00.000000006,,0,6,6
cow285,1970-01-01 00:00:00.000000001,1970-01-01 00:00:00.000000006,1970-01-01 00:00:00.000000001,6,0,6
cow286,1970-01-01 00:00:00.000000001,1970-01-01 00:00:00.000000006,,0,6,6
cow287,1970-01-01 00:00:00.000000001,1970-01-01 00:00:00.000000006,1970-01-01 00:00:00.000000001,6,0,6
cow288,1970-01-01 00:00:00.000000001,1970-01-01 00:00:00.000000006,,0,6,6
cow289,1970-01-01 00:00:00.000000001,1970-01-01 00:00:00.000000006,,0,6,6
cow29,1970-01-01 00:00:00.000000001,1970-01-01 00:00:00.000000006,,0,6,6
cow290,1970-01-01 00:00:00.000000001,1970-01-01 00:00:00.000000006,1970-01-01 00:00:00.000000001,6,0,6
cow291,1970-01-01 00:00:00.000000001,1970-01-01 00:00:00.000000006,,0,6,6
cow292,1970-01-01 00:00:00.000000001,1970-01-01 00:00:00.000000006,,0,6,6
cow293,1970-01-01 00:00:00.000000001,1970-01-01 00:00:00.000000006,,0,6,6
cow294,1970-01-01 00:00:00.000000001,1970-01-01 00:00:00.000000006,1970-01-01 00:00:00.000000001,6,0,6
cow295,1970-01-01 00:00:00.000000001,1970-01-01 00:00:00.000000006,1970-01-01 00:00:00.000000001,6,0,6
cow296,1970-01-01 00:00:00.000000001,1970-01-01 00:00:00.000000006,1970-01-01 00:00:00.000000001,6,0,6
cow297,1970-01-01 00:00:00.000000001,1970-01-01 00:00:00.000000006,1970-01-01 00:00:00.000000001,6,0,6
cow298,1970-01-01 00:00:00.000000001,1970-01-01 00:00:00.000000006,1970-01-01 00:00:00.000000001,6,0,6
cow299,1970-01-01 00:00:00.000000001,1970-01-01 00:00:00.000000006,1970-01-01 00:00:00.000000001,6,0,6
cow3,1970-01-01 00:00:00.000000001,1970-01-01 00:00:00.000000006,1970-01-01 00:00:00.000000001,6,0,6
cow30,1970-01-01 00:00:00.000000001,1970-01-01 00:00:00.000000006,,0,6,6
cow300,1970-01-01 00:00:00.000000001,1970-01-01 00:00:00.000000006,1970-01-01 00:00:00.000000001,6,0,6
cow301,1970-01-01 00:00:00.000000001,1970-01-01 00:00:00.000000006,,0,6,6
cow302,1970-01-01 00:00:00.000000001,1970-01-01 00:00:00.000000006,,0,6,6
cow303,1970-01-01 00:00:00.000000001,1970-01-01 00:00:00.000000006,,0,6,6
cow304,1970-01-01 00:00:00.000000001,1970-01-01 00:00:00.000000006,1970-01-01 00:00:00.000000001,6,0,6
cow305,1970-01-01 00:00:00.000000001,1970-01-01 00:00:00.000000006,,0,6,6
cow306,1970-01-01 00:00:00.000000001,1970-01-01 00:00:00.000000006,1970-01-01 00:00:00.000000001,6,0,6
cow307,1970-01-01 00:00:00.000000001,1970-01-01 00:00:00.000000006,,0,6,6
cow308,1970-01-01 00:00:00.000000001,1970-01-01 00:00:00.000000006,1970-01-01 00:00:00.000000001,6,0,6
cow309,1970-01-01 00:00:00.000000001,1970-01-01 00:00:00.000000006,1970-01-01 00:00:00.000000001,6,0,6
cow31,1970-01-01 00:00:00.000000001,1970-01-01 00:00:00.000000006,,0,6,6
cow310,1970-01-01 00:00:00.000000001,1970-01-01 00:00:00.000000006,1970-01-01 00:00:00.000000001,6,0,6
cow311,1970-01-01 00:00:00.000000001,1970-01-01 00:00:00.000000006,,0,6,6
cow312,1970-01-01 00:00:00.000000001,1970-01-01 00:00:00.000000006,1970-01-01 00:00:00.000000001,6,0,6
cow313,1970-01-01 00:00:00.000000001,1970-01-01 00:00:00.000000006,1970-01-01 00:00:00.000000001,6,0,6
cow314,1970-01-01 00:00:00.000000001,1970-01-01 00:00:00.000000006,1970-01-01 00:00:00.000000001,6,0,6
cow315,1970-01-01 00:00:00.000000001,1970-01-01 00:00:00.000000006,1970-01-01 00:00:00.000000001,6,0,6
cow316,1970-01-01 00:00:00.000000001,1970-01-01 00:00:00.000000006,,0,6,6
cow317,1970-01-01 00:00:00.000000001,1970-01-01 00:00:00.000000006,,0,6,6
cow318,1970-01-01 00:00:00.000000001,1970-01-01 00:00:00.000000006,,0,6,6
cow319,1970-01-01 00:00:00.000000001,1970-01-01 00:00:00.000000006,1970-01-01 00:00:00.000000001,6,0,6
cow32,1970-01-01 00:00:00.000000001,1970-01-01 00:00:00.000000006,1970-01-01 00:00:00.000000001,6,0,6
cow320,1970-01-01 00:00:00.000000001,1970-01-01 00:00:00.000000006,,0,6,6
cow321,1970-01-01 00:00:00.000000001,1970-01-01 00:00:00.000000006,1970-01-01 00:00:00.000000001,6,0,6
cow322,1970-01-01 00:00:00.000000001,1970-01-01 00:00:00.000000006,1970-01-01 00:00:00.000000001,6,0,6
cow323,1970-01-01 00:00:00.000000001,1970-01-01 00:00:00.000000006,,0,6,6
cow324,1970-01-01 00:00:00.000000001,1970-01-01 00:00:00.000000006,1970-01-01 00:00:00.000000001,6,0,6
cow325,1970-01-01 00:00:00.000000001,1970-01-01 00:00:00.000000006,,0,6,6
cow326,1970-01-01 00:00:00.000000001,1970-01-01 00:00:00.000000006,,0,6,6
cow327,1970-01-01 00:00:00.000000001,1970-01-01 00:00:00.000000006,1970-01-01 00:00:00.000000001,6,0,6
cow328,1970-01-01 00:00:00.000000001,1970-01-01 00:00:00.000000006,,0,6,6
cow329,1970-01-01 00:00:00.000000001,1970-01-01 00:00:00.000000006,1970-01-01 00:00:00.000000001,6,0,6
cow33,1970-01-01 00:00:00.000000001,1970-01-01 00:00:00.000000006,,0,6,6
cow330,1970-01-01 00:00:00.000000001,1970-01-01 00:00:00.000000006,,0,6,6
cow331,1970-01-01 00:00:00.000000001,1970-01-01 00:00:00.000000006,,0,6,6
cow332,1970-01-01 00:00:00.000000001,1970-01-01 00:00:00.000000006,,0,6,6
cow333,1970-01-01 00:00:00.000000001,1970-01-01 00:00:00.000000006,1970-01-01 00:00:00.000000001,6,0,6
cow334,1970-01-01 00:00:00.000000001,1970-01-01 00:00:00.000000006,,0,6,6
cow335,1970-01-01 00:00:00.000000001,1970-01-01 00:00:00.000000006,,0,6,6
cow336,1970-01-01 00:00:00.000000001,1970-01-01 00:00:00.000000006,,0,6,6
cow337,1970-01-01 00:00:00.000000001,1970-01-01 00:00:00.000000006,1970-01-01 00:00:00.000000001,6,0,6
cow338,1970-01-01 00:00:00.000000001,1970-01-01 00:00:00.000000006,,0,6,6
cow339,1970-01-01 00:00:00.000000001,1970-01-01 00:00:00.000000006,1970-01-01 00:00:00.000000001,6,0,6
cow34,1970-01-01 00:00:00.000000001,1970-01-01 00:00:00.000000006,1970-01-01 00:00:00.000000001,6,0,6
cow340,1970-01-01 00:00:00.000000001,1970-01-01 00:00:00.000000006,1970-01-01 00:00:00.000000001,6,0,6
cow341,1970-01-01 00:00:00.000000001,1970-01-01 00:00:00.000000006,1970-01-01 00:00:00.000000001,6,0,6
cow342,1970-01-01 00:00:00.000000001,1970-01-01 00:00:00.000000006,1970-01-01 00:00:00.000000001,6,0,6
cow343,1970-01-01 00:00:00.000000001,1970-01-01 00:00:00.000000006,1970-01-01 00:00:00.000000001,6,0,6
cow344,1970-01-01 00:00:00.000000001,1970-01-01 00:00:00.000000006,1970-01-01 00:00:00.000000001,6,0,6
cow345,1970-01-01 00:00:00.000000001,1970-01-01 00:00:00.000000006,1970-01-01 00:00:00.000000001,6,0,6
cow346,1970-01-01 00:00:00.000000001,1970-01-01 00:00:00.000000006,1970-01-01 00:00:00.000000001,6,0,6
cow347,1970-01-01 00:00:00.000000001,1970-01-01 00:00:00.000000006,,0,6,6
cow348,1970-01-01 00:00:00.000000001,1970-01-01 00:00:00.000000006,1970-01-01 00:00:00.000000001,6,0,6
cow349,1970-01-01 00:00:00.000000001,1970-01-01 00:00:00.000000006,,0,6,6
cow35,1970-01-01 00:00:00.000000001,1970-01-01 00:00:00.000000006,1970-01-01 00:00:00.000000001,6,0,6
cow350,1970-01-01 00:00:00.000000001,1970-01-01 00:00:00.000000006,,0,6,6
cow351,1970-01-01 00:00:00.000000001,1970-01-01 00:00:00.000000006,,0,6,6
cow352,1970-01-01 00:00:00.000000001,1970-01-01 00:00:00.000000006,1970-01-01 00:00:00.000000001,6,0,6
cow353,1970-01-01 00:00:00.000000001,1970-01-01 00:00:00.000000006,1970-01-01 00:00:00.000000001,6,0,6
cow354,1970-01-01 00:00:00.000000001,1970-01-01 00:00:00.000000006,1970-01-01 00:00:00.000000001,6,0,6
cow355,1970-01-01 00:00:00.000000001,1970-01-01 00:00:00.000000006,,0,6,6
cow356,1970-01-01 00:00:00.000000001,1970-01-01 00:00:00.000000006,1970-01-01 00:00:00.000000001,6,0,6
cow357,1970-01-01 00:00:00.000000001,1970-01-01 00:00:00.000000006,1970-01-01 00:00:00.000000001,6,0,6
cow358,1970-01-01 00:00:00.000000001,1970-01-01 00:00:00.000000006,1970-01-01 00:00:00.000000001,6,0,6
cow359,1970-01-01 00:00:00.000000001,1970-01-01 00:00:00.000000006,1970-01-01 00:00:00.000000001,6,0,6
cow36,1970-01-01 00:00:00.000000001,1970-01-01 00:00:00.000000006,1970-01-01 00:00:00.000000001,6,0,6
cow360,1970-01-01 00:00:00.000000001,1970-01-01 00:00:00.000000006,1970-01-01 00:00:00.000000001,6,0,6
cow361,1970-01-01 00:00:00.000000001,1970-01-01 00:00:00.000000006,1970-01-01 00:00:00.000000001,6,0,6
cow362,1970-01-01 00:00:00.000000001,1970-01-01 00:00:00.000000006,1970-01-01 00:00:00.000000001,6,0,6
cow363,1970-01-01 00:00:00.000000001,1970-01-01 00:00:00.000000006,,0,6,6
cow364,1970-01-01 00:00:00.000000001,1970-01-01 00:00:00.000000006,1970-01-01 00:00:00.000000001,6,0,6
cow365,1970-01-01 00:00:00.000000001,1970-01-01 00:00:00.000000006,,0,6,6
cow366,1970-01-01 00:00:00.000000001,1970-01-01 00:00:00.000000006,,0,6,6
cow367,1970-01-01 00:00:00.000000001,1970-01-01 00:00:00.000000006,1970-01-01 00:00:00.000000001,6,0,6
cow368,1970-01-01 00:00:00.000000001,1970-01-01 00:00:00.000000006,1970-01-01 00:00:00.000000001,6,0,6
cow369,1970-01-01 00:00:00.000000001,1970-01-01 00:00:00.000000006,1970-01-01 00:00:00.000000001,6,0,6
cow37,1970-01-01 00:00:00.000000001,1970-01-01 00:00:00.000000006,,0,6,6
cow370,1970-01-01 00:00:00.000000001,1970-01-01 00:00:00.000000006,,0,6,6
cow371,1970-01-01 00:00:00.000000001,1970-01-01 00:00:00.000000006,,0,6,6
cow372,1970-01-01 00:00:00.000000001,1970-01-01 00:00:00.000000006,,0,6,6
cow373,1970-01-01 00:00:00.000000001,1970-01-01 00:00:00.000000006,1970-01-01 00:00:00.000000001,6,0,6
cow374,1970-01-01 00:00:00.000000001,1970-01-01 00:00:00.000000006,,0,6,6
cow375,1970-01-01 00:00:00.000000001,1970-01-01 00:00:00.000000006,,0,6,6
cow376,1970-01-01 00:00:00.000000001,1970-01-01 00:00:00.000000006,,0,6,6
cow377,1970-01-01 00:00:00.000000001,1970-01-01 00:00:00.000000006,,0,6,6
cow378,1970-01-01 00:00:00.000000001,1970-01-01 00:00:00.000000006,1970-01-01 00:00:00.000000001,6,0,6
cow379,1970-01-01 00:00:00.000000001,1970-01-01 00:00:00.000000006,,0,6,6
cow38,1970-01-01 00:00:00.000000001,1970-01-01 00:00:00.000000006,,0,6,6
cow380,1970-01-01 00:00:00.000000001,1970-01-01 00:00:00.000000006,,0,6,6
cow381,1970-01-01 00:00:00.000000001,1970-01-01 00:00:00.000000006,,0,6,6
cow382,1970-01-01 00:00:00.000000001,1970-01-01 00:00:00.000000006,,0,6,6
cow383,1970-01-01 00:00:00.000000001,1970-01-01 00:00:00.000000006,,0,6,6
cow384,1970-01-01 00:00:00.000000001,1970-01-01 00:00:00.000000006,,0,6,6
cow385,1970-01-01 00:00:00.000000001,1970-01-01 00:00:00.000000006,1970-01-01 00:00:00.000000001,6,0,6
cow386,1970-01-01 00:00:00.000000001,1970-01-01 00:00:00.000000006,,0,6,6
cow387,1970-01-01 00:00:00.000000001,1970-01-01 00:00:00.000000006,,0,6,6
cow388,1970-01-01 00:00:00.000000001,1970-01-01 00:00:00.000000006,1970-01-01 00:00:00.000000001,6,0,6
cow389,1970-01-01 00:00:00.000000001,1970-01-01 00:00:00.000000006,1970-01-01 00:00:00.000000001,6,0,6
cow39,1970-01-01 00:00:00.000000001,1970-01-01 00:00:00.000000006,1970-01-01 00:00:00.000000001,6,0,6
cow390,1970-01-01 00:00:00.000000001,1970-01-01 00:00:00.000000006,1970-01-01 00:00:00.000000001,6,0,6
cow391,1970-01-01 00:00:00.000000001,1970-01-01 00:00:00.000000006,,0,6,6
cow392,1970-01-01 00:00:00.000000001,1970-01-01 00:00:00.000000006,,0,6,6
cow393,1970-01-01 00:00:00.000000001,1970-01-01 00:00:00.000000006,,0,6,6
cow394,1970-01-01 00:00:00.000000001,1970-01-01 00:00:00.000000006,1970-01-01 00:00:00.000000001,6,0,6
cow395,1970-01-01 00:00:00.000000001,1970-01-01 00:00:00.000000006,,0,6,6
cow396,1970-01-01 00:00:00.000000001,1970-01-01 00:00:00.000000006,1970-01-01 00:00:00.000000001,6,0,6
cow397,1970-01-01 00:00:00.000000001,1970-01-01 00:00:00.000000006,1970-01-01 00:00:00.000000001,6,0,6
cow398,1970-01-01 00:00:00.000000001,1970-01-01 00:00:00.000000006,,0,6,6
cow399,1970-01-01 00:00:00.000000001,1970-01-01 00:00:00.000000006,1970-01-01 00:00:00.000000001,6,0,6
cow4,1970-01-01 00:00:00.000000001,1970-01-01 00:00:00.000000006,,0,6,6
cow40,1970-01-01 00:00:00.000000001,1970-01-01 00:00:00.000000006,,0,6,6
cow400,1970-01-01 00:00:00.000000001,1970-01-01 00:00:00.000000006,,0,6,6
cow401,1970-01-01 00:00:00.000000001,1970-01-01 00:00:00.000000006,,0,6,6
cow402,1970-01-01 00:00:00.000000001,1970-01-01 00:00:00.000000006,,0,6,6
cow403,1970-01-01 00:00:00.000000001,1970-01-01 00:00:00.000000006,,0,6,6
cow404,1970-01-01 00:00:00.000000001,1970-01-01 00:00:00.000000006,1970-01-01 00:00:00.000000001,6,0,6
cow405,1970-01-01 00:00:00.000000001,1970-01-01 00:00:00.000000006,1970-01-01 00:00:00.000000001,6,0,6
cow406,1970-01-01 00:00:00.000000001,1970-01-01 00:00:00.000000006,,0,6,6
cow407,1970-01-01 00:00:00.000000001,1970-01-01 00:00:00.000000006,1970-01-01 00:00:00.000000001,6,0,6
cow408,1970-01-01 00:00:00.000000001,1970-01-01 00:00:00.000000006,,0,6,6
cow409,1970-01-01 00:00:00.000000001,1970-01-01 00:00:00.000000006,,0,6,6
cow41,1970-01-01 00:00:00.000000001,1970-01-01 00:00:00.000000006,,0,6,6
cow410,1970-01-01 00:00:00.000000001,1970-01-01 00:00:00.000000006,,0,6,6
cow411,1970-01-01 00:00:00.000000001,1970-01-01 00:00:00.000000006,1970-01-01 00:00:00.000000001,6,0,6
cow412,1970-01-01 00:00:00.000000001,1970-01-01 00:00:00.000000006,,0,6,6
cow413,1970-01-01 00:00:00.000000001,1970-01-01 00:00:00.000000006,,0,6,6
cow414,1970-01-01 00:00:00.000000001,1970-01-01 00:00:00.000000006,,0,6,6
cow415,1970-01-01 00:00:00.000000001,1970-01-01 00:00:00.000000006,,0,6,6
cow416,1970-01-01 00:00:00.000000001,1970-01-01 00:00:00.000000006,1970-01-01 00:00:00.000000001,6,0,6
cow417,1970-01-01 00:00:00.000000001,1970-01-01 00:00:00.000000006,,0,6,6
cow418,1970-01-01 00:00:00.000000001,1970-01-01 00:00:00.000000006,,0,6,6
cow419,1970-01-01 00:00:00.000000001,1970-01-01 00:00:00.000000006,,0,6,6
cow42,1970-01-01 00:00:00.000000001,1970-01-01 00:00:00.000000006,,0,6,6
cow420,1970-01-01 00:00:00.000000001,1970-01-01 00:00:00.000000006,1970-01-01 00:00:00.000000001,6,0,6
cow421,1970-01-01 00:00:00.000000001,1970-01-01 00:00:00.000000006,1970-01-01 00:00:00.000000001,6,0,6
cow422,1970-01-01 00:00:00.000000001,1970-01-01 00:00:00.000000006,1970-01-01 00:00:00.000000001,6,0,6
cow423,1970-01-01 00:00:00.000000001,1970-01-01 00:00:00.000000006,1970-01-01 00:00:00.000000001,6,0,6
cow424,1970-01-01 00:00:00.000000001,1970-01-01 00:00:00.000000006,,0,6,6
cow425,1970-01-01 00:00:00.000000001,1970-01-01 00:00:00.000000006,1970-01-01 00:00:00.000000001,6,0,6
cow426,1970-01-01 00:00:00.000000001,1970-01-01 00:00:00.000000006,,0,6,6
cow427,1970-01-01 00:00:00.000000001,1970-01-01 00:00:00.000000006,1970-01-01 00:00:00.000000001,6,0,6
cow428,1970-01-01 00:00:00.000000001,1970-01-01 00:00:00.000000006,1970-01-01 00:00:00.000000001,6,0,6
cow429,1970-01-01 00:00:00.000000001,1970-01-01 00:00:00.000000006,,0,6,6
cow43,1970-01-01 00:00:00.000000001,1970-01-01 00:00:00.000000006,,0,6,6
cow430,1970-01-01 00:00:00.000000001,1970-01-01 00:00:00.000000006,,0,6,6
cow431,1970-01-01 00:00:00.000000001,1970-01-01 00:00:00.000000006,1970-01-01 00:00:00.000000001,6,0,6
cow432,1970-01-01 00:00:00.000000001,1970-01-01 00:00:00.000000006,,0,6,6
cow433,1970-01-01 00:00:00.000000001,1970-01-01 00:00:00.000000006,,0,6,6
cow434,1970-01-01 00:00:00.000000001,1970-01-01 00:00:00.000000006,,0,6,6
cow435,1970-01-01 00:00:00.000000001,1970-01-01 00:00:00.000000006,,0,6,6
cow436,1970-01-01 00:00:00.000000001,1970-01-01 00:00:00.000000006,,0,6,6
cow437,1970-01-01 00:00:00.000000001,1970-01-01 00:00:00.000000006,,0,6,6
cow438,1970-01-01 00:00:00.000000001,1970-01-01 00:00:00.000000006,,0,6,6
cow439,1970-01-01 00:00:00.000000001,1970-01-01 00:00:00.000000006,,0,6,6
cow44,1970-01-01 00:00:00.000000001,1970-01-01 00:00:00.000000006,,0,6,6
cow440,1970-01-01 00:00:00.000000001,1970-01-01 00:00:00.000000006,,0,6,6
cow441,1970-01-01 00:00:00.000000001,1970-01-01 00:00:00.000000006,1970-01-01 00:00:00.000000001,6,0,6
cow442,1970-01-01 00:00:00.000000001,1970-01-01 00:00:00.000000006,,0,6,6
cow443,1970-01-01 00:00:00.000000001,1970-01-01 00:00:00.000000006,,0,6,6
cow444,1970-01-01 00:00:00.000000001,1970-01-01 00:00:00.000000006,,0,6,6
cow445,1970-01-01 00:00:00.000000001,1970-01-01 00:00:00.000000006,,0,6,6
cow446,1970-01-01 00:00:00.000000001,1970-01-01 00:00:00.000000006,1970-01-01 00:00:00.000000001,6,0,6
cow447,1970-01-01 00:00:00.000000001,1970-01-01 00:00:00.000000006,,0,6,6
cow448,1970-01-01 00:00:00.000000001,1970-01-01 00:00:00.000000006,,0,6,6
cow449,1970-01-01 00:00:00.000000001,1970-01-01 00:00:00.000000006,,0,6,6
cow45,1970-01-01 00:00:00.000000001,1970-01-01 00:00:00.000000006,,0,6,6
cow450,1970-01-01 00:00:00.000000001,1970-01-01 00:00:00.000000006,1970-01-01 00:00:00.000000001,6,0,6
cow451,1970-01-01 00:00:00.000000001,1970-01-01 00:00:00.000000006,,0,6,6
cow452,1970-01-01 00:00:00.000000001,1970-01-01 00:00:00.000000006,,0,6,6
cow453,1970-01-01 00:00:00.000000001,1970-01-01 00:00:00.000000006,,0,6,6
cow454,1970-01-01 00:00:00.000000001,1970-01-01 00:00:00.000000006,,0,6,6
cow455,1970-01-01 00:00:00.000000001,1970-01-01 00:00:00.000000006,1970-01-01 00:00:00.000000001,6,0,6
cow456,1970-01-01 00:00:00.000000001,1970-01-01 00:00:00.000000006,,0,6,6
cow457,1970-01-01 00:00:00.000000001,1970-01-01 00:00:00.000000006,,0,6,6
cow458,1970-01-01 00:00:00.000000001,1970-01-01 00:00:00.000000006,,0,6,6
cow459,1970-01-01 00:00:00.000000001,1970-01-01 00:00:00.000000006,,0,6,6
cow46,1970-01-01 00:00:00.000000001,1970-01-01 00:00:00.000000006,1970-01-01 00:00:00.000000001,6,0,6
cow460,1970-01-01 00:00:00.000000001,1970-01-01 00:00:00.000000006,1970-01-01 00:00:00.000000001,6,0,6
cow461,1970-01-01 00:00:00.000000001,1970-01-01 00:00:00.000000006,1970-01-01 00:00:00.000000001,6,0,6
cow462,1970-01-01 00:00:00.000000001,1970-01-01 00:00:00.000000006,1970-01-01 00:00:00.000000001,6,0,6
cow463,1970-01-01 00:00:00.000000001,1970-01-01 00:00:00.000000006,1970-01-01 00:00:00.000000001,6,0,6
cow464,1970-01-01 00:00:00.000000001,1970-01-01 00:00:00.000000006,,0,6,6
cow465,1970-01-01 00:00:00.000000001,1970-01-01 00:00:00.000000006,,0,6,6
cow466,1970-01-01 00:00:00.000000001,1970-01-01 00:00:00.000000006,,0,6,6
cow467,1970-01-01 00:00:00.000000001,1970-01-01 00:00:00.000000006,1970-01-01 00:00:00.000000001,6,0,6
cow468,1970-01-01 00:00:00.000000001,1970-01-01 00:00:00.000000006,,0,6,6
cow469,1970-01-01 00:00:00.000000001,1970-01-01 00:00:00.000000006,,0,6,6
cow47,1970-01-01 00:00:00.000000001,1970-01-01 00:00:00.000000006,1970-01-01 00:00:00.000000001,6,0,6
cow470,1970-01-01 00:00:00.000000001,1970-01-01 00:00:00.000000006,,0,6,6
cow471,1970-01-01 00:00:00.000000001,1970-01-01 00:00:00.000000006,,0,6,6
cow472,1970-01-01 00:00:00.000000001,1970-01-01 00:00:00.000000006,1970-01-01 00:00:00.000000001,6,0,6
cow473,1970-01-01 00:00:00.000000001,1970-01-01 00:00:00.000000006,,0,6,6
cow474,1970-01-01 00:00:00.000000001,1970-01-01 00:00:00.000000006,,0,6,6
cow475,1970-01-01 00:00:00.000000001,1970-01-01 00:00:00.000000006,1970-01-01 00:00:00.000000001,6,0,6
cow476,1970-01-01 00:00:00.000000001,1970-01-01 00:00:00.000000006,1970-01-01 00:00:00.000000001,6,0,6
cow477,1970-01-01 00:00:00.000000001,1970-01-01 00:00:00.000000006,1970-01-01 00:00:00.000000001,6,0,6
cow478,1970-01-01 00:00:00.000000001,1970-01-01 00:00:00.000000006,1970-01-01 00:00:00.000000001,6,0,6
cow479,1970-01-01 00:00:00.000000001,1970-01-01 00:00:00.000000006,1970-01-01 00:00:00.000000001,6,0,6
cow48,1970-01-01 00:00:00.000000001,1970-01-01 00:00:00.000000006,,0,6,6
cow480,1970-01-01 00:00:00.000000001,1970-01-01 00:00:00.000000006,1970-01-01 00:00:00.000000001,6,0,6
cow481,1970-01-01 00:00:00.000000001,1970-01-01 00:00:00.000000006,,0,6,6
cow482,1970-01-01 00:00:00.000000001,1970-01-01 00:00:00.000000006,,0,6,6
cow483,1970-01-01 00:00:00.000000001,1970-01-01 00:00:00.000000006,,0,6,6
cow484,1970-01-01 00:00:00.000000001,1970-01-01 00:00:00.000000006,1970-01-01 00:00:00.000000001,6,0,6
cow485,1970-01-01 00:00:00.000000001,1970-01-01 00:00:00.000000006,,0,6,6
cow486,1970-01-01 00:00:00.000000001,1970-01-01 00:00:00.000000006,1970-01-01 00:00:00.000000001,6,0,6
cow487,1970-01-01 00:00:00.000000001,1970-01-01 00:00:00.000000006,1970-01-01 00:00:00.000000001,6,0,6
cow488,1970-01-01 00:00:00.000000001,1970-01-01 00:00:00.000000006,,0,6,6
cow489,1970-01-01 00:00:00.000000001,1970-01-01 00:00:00.000000006,1970-01-01 00:00:00.000000001,6,0,6
cow49,1970-01-01 00:00:00.000000001,1970-01-01 00:00:00.000000006,,0,6,6
cow490,1970-01-01 00:00:00.000000001,1970-01-01 00:00:00.000000006,,0,6,6
cow491,1970-01-01 00:00:00.000000001,1970-01-01 00:00:00.000000006,,0,6,6
cow492,1970-01-01 00:00:00.000000001,1970-01-01 00:00:00.000000006,1970-01-01 00:00:00.000000001,6,0,6
cow493,1970-01-01 00:00:00.000000001,1970-01-01 00:00:00.000000006,1970-01-01 00:00:00.000000001,6,0,6
cow494,1970-01-01 00:00:00.000000001,1970-01-01 00:00:00.000000006,1970-01-01 00:00:00.000000001,6,0,6
cow495,1970-01-01 00:00:00.000000001,1970-01-01 00:00:00.000000006,1970-01-01 00:00:00.000000001,6,0,6
cow496,1970-01-01 00:00:00.000000001,1970-01-01 00:00:00.000000006,1970-01-01 00:00:00.000000001,6,0,6
cow497,1970-01-01 00:00:00.000000001,1970-01-01 00:00:00.000000006,,0,6,6
cow498,1970-01-01 00:00:00.000000001,1970-01-01 00:00:00.000000006,1970-01-01 00:00:00.000000001,6,0,6
cow499,1970-01-01 00:00:00.000000001,1970-01-01 00:00:00.000000006,,0,6,6
cow5,1970-01-01 00:00:00.000000001,1970-01-01 00:00:00.000000006,1970-01-01 00:00:00.000000001,6,0,6
cow50,1970-01-01 00:00:00.000000001,1970-01-01 00:00:00.000000006,1970-01-01 00:00:00.000000001,6,0,6
cow500,1970-01-01 00:00:00.000000001,1970-01-01 00:00:00.000000006,,0,6,6
cow501,1970-01-01 00:00:00.000000001,1970-01-01 00:00:00.000000006,,0,6,6
cow502,1970-01-01 00:00:00.000000001,1970-01-01 00:00:00.000000006,,0,6,6
cow503,1970-01-01 00:00:00.000000001,1970-01-01 00:00:00.000000006,,0,6,6
cow504,1970-01-01 00:00:00.000000001,1970-01-01 00:00:00.000000006,1970-01-01 00:00:00.000000001,6,0,6
cow505,1970-01-01 00:00:00.000000001,1970-01-01 00:00:00.000000006,,0,6,6
cow506,1970-01-01 00:00:00.000000001,1970-01-01 00:00:00.000000006,,0,6,6
cow507,1970-01-01 00:00:00.000000001,1970-01-01 00:00:00.000000006,,0,6,6
cow508,1970-01-01 00:00:00.000000001,1970-01-01 00:00:00.000000006,,0,6,6
cow509,1970-01-01 00:00:00.000000001,1970-01-01 00:00:00.000000006,,0,6,6
cow51,1970-01-01 00:00:00.000000001,1970-01-01 00:00:00.000000006,1970-01-01 00:00:00.000000001,6,0,6
cow510,1970-01-01 00:00:00.000000001,1970-01-01 00:00:00.000000006,1970-01-01 00:00:00.000000001,6,0,6
cow511,1970-01-01 00:00:00.000000001,1970-01-01 00:00:00.000000006,1970-01-01 00:00:00.000000001,6,0,6
cow512,1970-01-01 00:00:00.000000001,1970-01-01 00:00:00.000000006,1970-01-01 00:00:00.000000001,6,0,6
cow513,1970-01-01 00:00:00.000000001,1970-01-01 00:00:00.000000006,1970-01-01 00:00:00.000000001,6,0,6
cow514,1970-01-01 00:00:00.000000001,1970-01-01 00:00:00.000000006,1970-01-01 00:00:00.000000001,6,0,6
cow515,1970-01-01 00:00:00.000000001,1970-01-01 00:00:00.000000006,,0,6,6
cow516,1970-01-01 00:00:00.000000001,1970-01-01 00:00:00.000000006,,0,6,6
cow517,1970-01-01 00:00:00.000000001,1970-01-01 00:00:00.000000006,,0,6,6
cow518,1970-01-01 00:00:00.000000001,1970-01-01 00:00:00.000000006,,0,6,6
cow519,1970-01-01 00:00:00.000000001,1970-01-01 00:00:00.000000006,1970-01-01 00:00:00.000000001,6,0,6
cow52,1970-01-01 00:00:00.000000001,1970-01-01 00:00:00.000000006,1970-01-01 00:00:00.000000001,6,0,6
cow520,1970-01-01 00:00:00.000000001,1970-01-01 00:00:00.000000006,,0,6,6
cow521,1970-01-01 00:00:00.000000001,1970-01-01 00:00:00.000000006,,0,6,6
cow522,1970-01-01 00:00:00.000000001,1970-01-01 00:00:00.000000006,,0,6,6
cow523,1970-01-01 00:00:00.000000001,1970-01-01 00:00:00.000000006,1970-01-01 00:00:00.000000001,6,0,6
cow524,1970-01-01 00:00:00.000000001,1970-01-01 00:00:00.000000006,,0,6,6
cow525,1970-01-01 00:00:00.000000001,1970-01-01 00:00:00.000000006,,0,6,6
cow526,1970-01-01 00:00:00.000000001,1970-01-01 00:00:00.000000006,,0,6,6
cow527,1970-01-01 00:00:00.000000001,1970-01-01 00:00:00.000000006,,0,6,6
cow528,1970-01-01 00:00:00.000000001,1970-01-01 00:00:00.000000006,1970-01-01 00:00:00.000000001,6,0,6
cow529,1970-01-01 00:00:00.000000001,1970-01-01 00:00:00.000000006,,0,6,6
cow53,1970-01-01 00:00:00.000000001,1970-01-01 00:00:00.000000006,1970-01-01 00:00:00.000000001,6,0,6
cow530,1970-01-01 00:00:00.000000001,1970-01-01 00:00:00.000000006,,0,6,6
cow531,1970-01-01 00:00:00.000000001,1970-01-01 00:00:00.000000006,,0,6,6
cow532,1970-01-01 00:00:00.000000001,1970-01-01 00:00:00.000000006,,0,6,6
cow533,1970-01-01 00:00:00.000000001,1970-01-01 00:00:00.000000006,1970-01-01 00:00:00.000000001,6,0,6
cow534,1970-01-01 00:00:00.000000001,1970-01-01 00:00:00.000000006,,0,6,6
cow535,1970-01-01 00:00:00.000000001,1970-01-01 00:00:00.000000006,,0,6,6
cow536,1970-01-01 00:00:00.000000001,1970-01-01 00:00:00.000000006,,0,6,6
cow537,1970-01-01 00:00:00.000000001,1970-01-01 00:00:00.000000006,1970-01-01 00:00:00.000000001,6,0,6
cow538,1970-01-01 00:00:00.000000001,1970-01-01 00:00:00.000000006,,0,6,6
cow539,1970-01-01 00:00:00.000000001,1970-01-01 00:00:00.000000006,,0,6,6
cow54,1970-01-01 00:00:00.000000001,1970-01-01 00:00:00.000000006,,0,6,6
cow540,1970-01-01 00:00:00.000000001,1970-01-01 00:00:00.000000006,,0,6,6
cow541,1970-01-01 00:00:00.000000001,1970-01-01 00:00:00.000000006,1970-01-01 00:00:00.000000001,6,0,6
cow542,1970-01-01 00:00:00.000000001,1970-01-01 00:00:00.000000006,,0,6,6
cow543,1970-01-01 00:00:00.000000001,1970-01-01 00:00:00.000000006,,0,6,6
cow544,1970-01-01 00:00:00.000000001,1970-01-01 00:00:00.000000006,,0,6,6
cow545,1970-01-01 00:00:00.000000001,1970-01-01 00:00:00.000000006,,0,6,6
cow546,1970-01-01 00:00:00.000000001,1970-01-01 00:00:00.000000006,1970-01-01 00:00:00.000000001,6,0,6
cow547,1970-01-01 00:00:00.000000001,1970-01-01 00:00:00.000000006,1970-01-01 00:00:00.000000001,6,0,6
cow548,1970-01-01 00:00:00.000000001,1970-01-01 00:00:00.000000006,1970-01-01 00:00:00.000000001,6,0,6
cow549,1970-01-01 00:00:00.000000001,1970-01-01 00:00:00.000000006,1970-01-01 00:00:00.000000001,6,0,6
cow55,1970-01-01 00:00:00.000000001,1970-01-01 00:00:00.000000006,1970-01-01 00:00:00.000000001,6,0,6
cow550,1970-01-01 00:00:00.000000001,1970-01-01 00:00:00.000000006,1970-01-01 00:00:00.000000001,6,0,6
cow551,1970-01-01 00:00:00.000000001,1970-01-01 00:00:00.000000006,1970-01-01 00:00:00.000000001,6,0,6
cow552,1970-01-01 00:00:00.000000001,1970-01-01 00:00:00.000000006,1970-01-01 00:00:00.000000001,6,0,6
cow553,1970-01-01 00:00:00.000000001,1970-01-01 00:00:00.000000006,,0,6,6
cow554,1970-01-01 00:00:00.000000001,1970-01-01 00:00:00.000000006,,0,6,6
cow555,1970-01-01 00:00:00.000000001,1970-01-01 00:00:00.000000006,,0,6,6
cow556,1970-01-01 00:00:00.000000001,1970-01-01 00:00:00.000000006,,0,6,6
cow557,1970-01-01 00:00:00.000000001,1970-01-01 00:00:00.000000006,,0,6,6
cow558,1970-01-01 00:00:00.000000001,1970-01-01 00:00:00.000000006,1970-01-01 00:00:00.000000001,6,0,6
cow559,1970-01-01 00:00:00.000000001,1970-01-01 00:00:00.000000006,,0,6,6
cow56,1970-01-01 00:00:00.000000001,1970-01-01 00:00:00.000000006,1970-01-01 00:00:00.000000001,6,0,6
cow560,1970-01-01 00:00:00.000000001,1970-01-01 00:00:00.000000006,,0,6,6
cow561,1970-01-01 00:00:00.000000001,1970-01-01 00:00:00.000000006,,0,6,6
cow562,1970-01-01 00:00:00.000000001,1970-01-01 00:00:00.000000006,,0,6,6
cow563,1970-01-01 00:00:00.000000001,1970-01-01 00:00:00.000000006,,0,6,6
cow564,1970-01-01 00:00:00.000000001,1970-01-01 00:00:00.000000006,,0,6,6
cow565,1970-01-01 00:00:00.000000001,1970-01-01 00:00:00.000000006,,0,6,6
cow566,1970-01-01 00:00:00.000000001,1970-01-01 00:00:00.000000006,,0,6,6
cow567,1970-01-01 00:00:00.000000001,1970-01-01 00:00:00.000000006,,0,6,6
cow568,1970-01-01 00:00:00.000000001,1970-01-01 00:00:00.000000006,1970-01-01 00:00:00.000000001,6,0,6
cow569,1970-01-01 00:00:00.000000001,1970-01-01 00:00:00.000000006,,0,6,6
cow57,1970-01-01 00:00:00.000000001,1970-01-01 00:00:00.000000006,1970-01-01 00:00:00.000000001,6,0,6
cow570,1970-01-01 00:00:00.000000001,1970-01-01 00:00:00.000000006,,0,6,6
cow571,1970-01-01 00:00:00.000000001,1970-01-01 00:00:00.000000006,1970-01-01 00:00:00.000000001,6,0,6
cow572,1970-01-01 00:00:00.000000001,1970-01-01 00:00:00.000000006,1970-01-01 00:00:00.000000001,6,0,6
cow573,1970-01-01 00:00:00.000000001,1970-01-01 00:00:00.000000006,1970-01-01 00:00:00.000000001,6,0,6
cow574,1970-01-01 00:00:00.000000001,1970-01-01 00:00:00.000000006,,0,6,6
cow575,1970-01-01 00:00:00.000000001,1970-01-01 00:00:00.000000006,1970-01-01 00:00:00.000000001,6,0,6
cow576,1970-01-01 00:00:00.000000001,1970-01-01 00:00:00.000000006,1970-01-01 00:00:00.000000001,6,0,6
cow577,1970-01-01 00:00:00.000000001,1970-01-01 00:00:00.000000006,1970-01-01 00:00:00.000000001,6,0,6
cow578,1970-01-01 00:00:00.000000001,1970-01-01 00:00:00.000000006,1970-01-01 00:00:00.000000001,6,0,6
cow579,1970-01-01 00:00:00.000000001,1970-01-01 00:00:00.000000006,1970-01-01 00:00:00.000000001,6,0,6
cow58,1970-01-01 00:00:00.000000001,1970-01-01 00:00:00.000000006,1970-01-01 00:00:00.000000001,6,0,6
cow580,1970-01-01 00:00:00.000000001,1970-01-01 00:00:00.000000006,1970-01-01 00:00:00.000000001,6,0,6
cow581,1970-01-01 00:00:00.000000001,1970-01-01 00:00:00.000000006,1970-01-01 00:00:00.000000001,6,0,6
cow582,1970-01-01 00:00:00.000000001,1970-01-01 00:00:00.000000006,1970-01-01 00:00:00.000000001,6,0,6
cow583,1970-01-01 00:00:00.000000001,1970-01-01 00:00:00.000000006,,0,6,6
cow584,1970-01-01 00:00:00.000000001,1970-01-01 00:00:00.000000006,,0,6,6
cow585,1970-01-01 00:00:00.000000001,1970-01-01 00:00:00.000000006,1970-01-01 00:00:00.000000001,6,0,6
cow586,1970-01-01 00:00:00.000000001,1970-01-01 00:00:00.000000006,,0,6,6
cow587,1970-01-01 00:00:00.000000001,1970-01-01 00:00:00.000000006,,0,6,6
cow588,1970-01-01 00:00:00.000000001,1970-01-01 00:00:00.000000006,,0,6,6
cow589,1970-01-01 00:00:00.000000001,1970-01-01 00:00:00.000000006,,0,6,6
cow59,1970-01-01 00:00:00.000000001,1970-01-01 00:00:00.000000006,1970-01-01 00:00:00.000000001,6,0,6
cow590,1970-01-01 00:00:00.000000001,1970-01-01 00:00:00.000000006,1970-01-01 00:00:00.000000001,6,0,6
cow591,1970-01-01 00:00:00.000000001,1970-01-01 00:00:00.000000006,,0,6,6
cow592,1970-01-01 00:00:00.000000001,1970-01-01 00:00:00.000000006,,0,6,6
cow593,1970-01-01 00:00:00.000000001,1970-01-01 00:00:00.000000006,,0,6,6
cow594,1970-01-01 00:00:00.000000001,1970-01-01 00:00:00.000000006,,0,6,6
cow595,1970-01-01 00:00:00.000000001,1970-01-01 00:00:00.000000006,,0,6,6
cow596,1970-01-01 00:00:00.000000001,1970-01-01 00:00:00.000000006,,0,6,6
cow597,1970-01-01 00:00:00.000000001,1970-01-01 00:00:00.000000006,,0,6,6
cow598,1970-01-01 00:00:00.000000001,1970-01-01 00:00:00.000000006,1970-01-01 00:00:00.000000001,6,0,6
cow599,1970-01-01 00:00:00.000000001,1970-01-01 00:00:00.000000006,,0,6,6
cow6,1970-01-01 00:00:00.000000001,1970-01-01 00:00:00.000000006,,0,6,6
cow60,1970-01-01 00:00:00.000000001,1970-01-01 00:00:00.000000006,1970-01-01 00:00:00.000000001,6,0,6
cow600,1970-01-01 00:00:00.000000001,1970-01-01 00:00:00.000000006,,0,6,6
cow601,1970-01-01 00:00:00.000000001,1970-01-01 00:00:00.000000006,,0,6,6
cow602,1970-01-01 00:00:00.000000001,1970-01-01 00:00:00.000000006,1970-01-01 00:00:00.000000001,6,0,6
cow603,1970-01-01 00:00:00.000000001,1970-01-01 00:00:00.000000006,,0,6,6
cow604,1970-01-01 00:00:00.000000001,1970-01-01 00:00:00.000000006,,0,6,6
cow605,1970-01-01 00:00:00.000000001,1970-01-01 00:00:00.000000006,,0,6,6
cow606,1970-01-01 00:00:00.000000001,1970-01-01 00:00:00.000000006,,0,6,6
cow607,1970-01-01 00:00:00.000000001,1970-01-01 00:00:00.000000006,1970-01-01 00:00:00.000000001,6,0,6
cow608,1970-01-01 00:00:00.000000001,1970-01-01 00:00:00.000000006,,0,6,6
cow609,1970-01-01 00:00:00.000000001,1970-01-01 00:00:00.000000006,,0,6,6
cow61,1970-01-01 00:00:00.000000001,1970-01-01 00:00:00.000000006,1970-01-01 00:00:00.000000001,6,0,6
cow610,1970-01-01 00:00:00.000000001,1970-01-01 00:00:00.000000006,,0,6,6
cow611,1970-01-01 00:00:00.000000001,1970-01-01 00:00:00.000000006,,0,6,6
cow612,1970-01-01 00:00:00.000000001,1970-01-01 00:00:00.000000006,,0,6,6
cow613,1970-01-01 00:00:00.000000001,1970-01-01 00:00:00.000000006,,0,6,6
cow614,1970-01-01 00:00:00.000000001,1970-01-01 00:00:00.000000006,,0,6,6
cow615,1970-01-01 00:00:00.000000001,1970-01-01 00:00:00.000000006,,0,6,6
cow616,1970-01-01 00:00:00.000000001,1970-01-01 00:00:00.000000006,1970-01-01 00:00:00.000000001,6,0,6
cow617,1970-01-01 00:00:00.000000001,1970-01-01 00:00:00.000000006,,0,6,6
cow618,1970-01-01 00:00:00.000000001,1970-01-01 00:00:00.000000006,,0,6,6
cow619,1970-01-01 00:00:00.000000001,1970-01-01 00:00:00.000000006,,0,6,6
cow62,1970-01-01 00:00:00.000000001,1970-01-01 00:00:00.000000006,1970-01-01 00:00:00.000000001,6,0,6
cow620,1970-01-01 00:00:00.000000001,1970-01-01 00:00:00.000000006,,0,6,6
cow621,1970-01-01 00:00:00.000000001,1970-01-01 00:00:00.000000006,,0,6,6
cow622,1970-01-01 00:00:00.000000001,1970-01-01 00:00:00.000000006,1970-01-01 00:00:00.000000001,6,0,6
cow623,1970-01-01 00:00:00.000000001,1970-01-01 00:00:00.000000006,,0,6,6
cow624,1970-01-01 00:00:00.000000001,1970-01-01 00:00:00.000000006,1970-01-01 00:00:00.000000001,6,0,6
cow625,1970-01-01 00:00:00.000000001,1970-01-01 00:00:00.000000006,1970-01-01 00:00:00.000000001,6,0,6
cow626,1970-01-01 00:00:00.000000001,1970-01-01 00:00:00.000000006,1970-01-01 00:00:00.000000001,6,0,6
cow627,1970-01-01 00:00:00.000000001,1970-01-01 00:00:00.000000006,1970-01-01 00:00:00.000000001,6,0,6
cow628,1970-01-01 00:00:00.000000001,1970-01-01 00:00:00.000000006,1970-01-01 00:00:00.000000001,6,0,6
cow629,1970-01-01 00:00:00.000000001,1970-01-01 00:00:00.000000006,1970-01-01 00:00:00.000000001,6,0,6
cow63,1970-01-01 00:00:00.000000001,1970-01-01 00:00:00.000000006,1970-01-01 00:00:00.000000001,6,0,6
cow630,1970-01-01 00:00:00.000000001,1970-01-01 00:00:00.000000006,1970-01-01 00:00:00.000000001,6,0,6
cow631,1970-01-01 00:00:00.000000001,1970-01-01 00:00:00.000000006,1970-01-01 00:00:00.000000001,6,0,6
cow632,1970-01-01 00:00:00.000000001,1970-01-01 00:00:00.000000006,1970-01-01 00:00:00.000000001,6,0,6
cow633,1970-01-01 00:00:00.000000001,1970-01-01 00:00:00.000000006,,0,6,6
cow634,1970-01-01 00:00:00.000000001,1970-01-01 00:00:00.000000006,,0,6,6
cow635,1970-01-01 00:00:00.000000001,1970-01-01 00:00:00.000000006,,0,6,6
cow636,1970-01-01 00:00:00.000000001,1970-01-01 00:00:00.000000006,,0,6,6
cow637,1970-01-01 00:00:00.000000001,1970-01-01 00:00:00.000000006,1970-01-01 00:00:00.000000001,6,0,6
cow638,1970-01-01 00:00:00.000000001,1970-01-01 00:00:00.000000006,,0,6,6
cow639,1970-01-01 00:00:00.000000001,1970-01-01 00:00:00.000000006,,0,6,6
cow64,1970-01-01 00:00:00.000000001,1970-01-01 00:00:00.000000006,,0,6,6
cow640,1970-01-01 00:00:00.000000001,1970-01-01 00:00:00.000000006,,0,6,6
cow641,1970-01-01 00:00:00.000000001,1970-01-01 00:00:00.000000006,1970-01-01 00:00:00.000000001,6,0,6
cow642,1970-01-01 00:00:00.000000001,1970-01-01 00:00:00.000000006,,0,6,6
cow643,1970-01-01 00:00:00.000000001,1970-01-01 00:00:00.000000006,,0,6,6
cow644,1970-01-01 00:00:00.000000001,1970-01-01 00:00:00.000000006,,0,6,6
cow645,1970-01-01 00:00:00.000000001,1970-01-01 00:00:00.000000006,,0,6,6
cow646,1970-01-01 00:00:00.000000001,1970-01-01 00:00:00.000000006,1970-01-01 00:00:00.000000001,6,0,6
cow647,1970-01-01 00:00:00.000000001,1970-01-01 00:00:00.000000006,,0,6,6
cow648,1970-01-01 00:00:00.000000001,1970-01-01 00:00:00.000000006,1970-01-01 00:00:00.000000001,6,0,6
cow649,1970-01-01 00:00:00.000000001,1970-01-01 00:00:00.000000006,1970-01-01 00:00:00.000000001,6,0,6
cow65,1970-01-01 00:00:00.000000001,1970-01-01 00:00:00.000000006,,0,6,6
cow650,1970-01-01 00:00:00.000000001,1970-01-01 00:00:00.000000006,1970-01-01 00:00:00.000000001,6,0,6
cow651,1970-01-01 00:00:00.000000001,1970-01-01 00:00:00.000000006,1970-01-01 00:00:00.000000001,6,0,6
cow652,1970-01-01 00:00:00.000000001,1970-01-01 00:00:00.000000006,,0,6,6
cow653,1970-01-01 00:00:00.000000001,1970-01-01 00:00:00.000000006,,0,6,6
cow654,1970-01-01 00:00:00.000000001,1970-01-01 00:00:00.000000006,,0,6,6
cow655,1970-01-01 00:00:00.000000001,1970-01-01 00:00:00.000000006,1970-01-01 00:00:00.000000001,6,0,6
cow656,1970-01-01 00:00:00.000000001,1970-01-01 00:00:00.000000006,,0,6,6
cow657,1970-01-01 00:00:00.000000001,1970-01-01 00:00:00.000000006,,0,6,6
cow658,1970-01-01 00:00:00.000000001,1970-01-01 00:00:00.000000006,,0,6,6
cow659,1970-01-01 00:00:00.000000001,1970-01-01 00:00:00.000000006,1970-01-01 00:00:00.000000001,6,0,6
cow66,1970-01-01 00:00:00.000000001,1970-01-01 00:00:00.000000006,,0,6,6
cow660,1970-01-01 00:00:00.000000001,1970-01-01 00:00:00.000000006,,0,6,6
cow661,1970-01-01 00:00:00.000000001,1970-01-01 00:00:00.000000006,1970-01-01 00:00:00.000000001,6,0,6
cow662,1970-01-01 00:00:00.000000001,1970-01-01 00:00:00.000000006,1970-01-01 00:00:00.000000001,6,0,6
cow663,1970-01-01 00:00:00.000000001,1970-01-01 00:00:00.000000006,1970-01-01 00:00:00.000000001,6,0,6
cow664,1970-01-01 00:00:00.000000001,1970-01-01 00:00:00.000000006,1970-01-01 00:00:00.000000001,6,0,6
cow665,1970-01-01 00:00:00.000000001,1970-01-01 00:00:00.000000006,1970-01-01 00:00:00.000000001,6,0,6
cow666,1970-01-01 00:00:00.000000001,1970-01-01 00:00:00.000000006,1970-01-01 00:00:00.000000001,6,0,6
cow667,1970-01-01 00:00:00.000000001,1970-01-01 00:00:00.000000006,1970-01-01 00:00:00.000000001,6,0,6
cow668,1970-01-01 00:00:00.000000001,1970-01-01 00:00:00.000000006,1970-01-01 00:00:00.000000001,6,0,6
cow669,1970-01-01 00:00:00.000000001,1970-01-01 00:00:00.000000006,1970-01-01 00:00:00.000000001,6,0,6
cow67,1970-01-01 00:00:00.000000001,1970-01-01 00:00:00.000000006,,0,6,6
cow670,1970-01-01 00:00:00.000000001,1970-01-01 00:00:00.000000006,1970-01-01 00:00:00.000000001,6,0,6
cow671,1970-01-01 00:00:00.000000001,1970-01-01 00:00:00.000000006,,0,6,6
cow672,1970-01-01 00:00:00.000000001,1970-01-01 00:00:00.000000006,,0,6,6
cow673,1970-01-01 00:00:00.000000001,1970-01-01 00:00:00.000000006,,0,6,6
cow674,1970-01-01 00:00:00.000000001,1970-01-01 00:00:00.000000006,,0,6,6
cow675,1970-01-01 00:00:00.000000001,1970-01-01 00:00:00.000000006,,0,6,6
cow676,1970-01-01 00:00:00.000000001,1970-01-01 00:00:00.000000006,1970-01-01 00:00:00.000000001,6,0,6
cow677,1970-01-01 00:00:00.000000001,1970-01-01 00:00:00.000000006,,0,6,6
cow678,1970-01-01 00:00:00.000000001,1970-01-01 00:00:00.000000006,,0,6,6
cow679,1970-01-01 00:00:00.000000001,1970-01-01 00:00:00.000000006,,0,6,6
cow68,1970-01-01 00:00:00.000000001,1970-01-01 00:00:00.000000006,1970-01-01 00:00:00.000000001,6,0,6
cow680,1970-01-01 00:00:00.000000001,1970-01-01 00:00:00.000000006,,0,6,6
cow681,1970-01-01 00:00:00.000000001,1970-01-01 00:00:00.000000006,,0,6,6
cow682,1970-01-01 00:00:00.000000001,1970-01-01 00:00:00.000000006,,0,6,6
cow683,1970-01-01 00:00:00.000000001,1970-01-01 00:00:00.000000006,,0,6,6
cow684,1970-01-01 00:00:00.000000001,1970-01-01 00:00:00.000000006,,0,6,6
cow685,1970-01-01 00:00:00.000000001,1970-01-01 00:00:00.000000006,,0,6,6
cow686,1970-01-01 00:00:00.000000001,1970-01-01 00:00:00.000000006,1970-01-01 00:00:00.000000001,6,0,6
cow687,1970-01-01 00:00:00.000000001,1970-01-01 00:00:00.000000006,,0,6,6
cow688,1970-01-01 00:00:00.000000001,1970-01-01 00:00:00.000000006,,0,6,6
cow689,1970-01-01 00:00:00.000000001,1970-01-01 00:00:00.000000006,,0,6,6
cow69,1970-01-01 00:00:00.000000001,1970-01-01 00:00:00.000000006,,0,6,6
cow690,1970-01-01 00:00:00.000000001,1970-01-01 00:00:00.000000006,,0,6,6
cow691,1970-01-01 00:00:00.000000001,1970-01-01 00:00:00.000000006,1970-01-01 00:00:00.000000001,6,0,6
cow692,1970-01-01 00:00:00.000000001,1970-01-01 00:00:00.000000006,,0,6,6
cow693,1970-01-01 00:00:00.000000001,1970-01-01 00:00:00.000000006,,0,6,6
cow694,1970-01-01 00:00:00.000000001,1970-01-01 00:00:00.000000006,,0,6,6
cow695,1970-01-01 00:00:00.000000001,1970-01-01 00:00:00.000000006,1970-01-01 00:00:00.000000001,6,0,6
cow696,1970-01-01 00:00:00.000000001,1970-01-01 00:00:00.000000006,,0,6,6
cow697,1970-01-01 00:00:00.000000001,1970-01-01 00:00:00.000000006,,0,6,6
cow698,1970-01-01 00:00:00.000000001,1970-01-01 00:00:00.000000006,,0,6,6
cow699,1970-01-01 00:00:00.000000001,1970-01-01 00:00:00.000000006,,0,6,6
cow7,1970-01-01 00:00:00.000000001,1970-01-01 00:00:00.000000006,1970-01-01 00:00:00.000000001,6,0,6
cow70,1970-01-01 00:00:00.000000001,1970-01-01 00:00:00.000000006,1970-01-01 00:00:00.000000001,6,0,6
cow700,1970-01-01 00:00:00.000000001,1970-01-01 00:00:00.000000006,1970-01-01 00:00:00.000000001,6,0,6
cow701,1970-01-01 00:00:00.000000001,1970-01-01 00:00:00.000000006,,0,6,6
cow702,1970-01-01 00:00:00.000000001,1970-01-01 00:00:00.000000006,,0,6,6
cow703,1970-01-01 00:00:00.000000001,1970-01-01 00:00:00.000000006,1970-01-01 00:00:00.000000001,6,0,6
cow704,1970-01-01 00:00:00.000000001,1970-01-01 00:00:00.000000006,,0,6,6
cow705,1970-01-01 00:00:00.000000001,1970-01-01 00:00:00.000000006,,0,6,6
cow706,1970-01-01 00:00:00.000000001,1970-01-01 00:00:00.000000006,,0,6,6
cow707,1970-01-01 00:00:00.000000001,1970-01-01 00:00:00.000000006,1970-01-01 00:00:00.000000001,6,0,6
cow708,1970-01-01 00:00:00.000000001,1970-01-01 00:00:00.000000006,1970-01-01 00:00:00.000000001,6,0,6
cow709,1970-01-01 00:00:00.000000001,1970-01-01 00:00:00.000000006,1970-01-01 00:00:00.000000001,6,0,6
cow71,1970-01-01 00:00:00.000000001,1970-01-01 00:00:00.000000006,1970-01-01 00:00:00.000000001,6,0,6
cow710,1970-01-01 00:00:00.000000001,1970-01-01 00:00:00.000000006,1970-01-01 00:00:00.000000001,6,0,6
cow711,1970-01-01 00:00:00.000000001,1970-01-01 00:00:00.000000006,1970-01-01 00:00:00.000000001,6,0,6
cow712,1970-01-01 00:00:00.000000001,1970-01-01 00:00:00.000000006,1970-01-01 00:00:00.000000001,6,0,6
cow713,1970-01-01 00:00:00.000000001,1970-01-01 00:00:00.000000006,,0,6,6
cow714,1970-01-01 00:00:00.000000001,1970-01-01 00:00:00.000000006,,0,6,6
cow715,1970-01-01 00:00:00.000000001,1970-01-01 00:00:00.000000006,,0,6,6
cow716,1970-01-01 00:00:00.000000001,1970-01-01 00:00:00.000000006,,0,6,6
cow717,1970-01-01 00:00:00.000000001,1970-01-01 00:00:00.000000006,,0,6,6
cow718,1970-01-01 00:00:00.000000001,1970-01-01 00:00:00.000000006,1970-01-01 00:00:00.000000001,6,0,6
cow719,1970-01-01 00:00:00.000000001,1970-01-01 00:00:00.000000006,,0,6,6
cow72,1970-01-01 00:00:00.000000001,1970-01-01 00:00:00.000000006,1970-01-01 00:00:00.000000001,6,0,6
cow720,1970-01-01 00:00:00.000000001,1970-01-01 00:00:00.000000006,,0,6,6
cow721,1970-01-01 00:00:00.000000001,1970-01-01 00:00:00.000000006,,0,6,6
cow722,1970-01-01 00:00:00.000000001,1970-01-01 00:00:00.000000006,,0,6,6
cow723,1970-01-01 00:00:00.000000001,1970-01-01 00:00:00.000000006,,0,6,6
cow724,1970-01-01 00:00:00.000000001,1970-01-01 00:00:00.000000006,1970-01-01 00:00:00.000000001,6,0,6
cow725,1970-01-01 00:00:00.000000001,1970-01-01 00:00:00.000000006,,0,6,6
cow726,1970-01-01 00:00:00.000000001,1970-01-01 00:00:00.000000006,,0,6,6
cow727,1970-01-01 00:00:00.000000001,1970-01-01 00:00:00.000000006,,0,6,6
cow728,1970-01-01 00:00:00.000000001,1970-01-01 00:00:00.000000006,,0,6,6
cow729,1970-01-01 00:00:00.000000001,1970-01-01 00:00:00.000000006,,0,6,6
cow73,1970-01-01 00:00:00.000000001,1970-01-01 00:00:00.000000006,,0,6,6
cow730,1970-01-01 00:00:00.000000001,1970-01-01 00:00:00.000000006,,0,6,6
cow731,1970-01-01 00:00:00.000000001,1970-01-01 00:00:00.000000006,,0,6,6
cow732,1970-01-01 00:00:00.000000001,1970-01-01 00:00:00.000000006,,0,6,6
cow733,1970-01-01 00:00:00.000000001,1970-01-01 00:00:00.000000006,,0,6,6
cow734,1970-01-01 00:00:00.000000001,1970-01-01 00:00:00.000000006,1970-01-01 00:00:00.000000001,6,0,6
cow735,1970-01-01 00:00:00.000000001,1970-01-01 00:00:00.000000006,,0,6,6
cow736,1970-01-01 00:00:00.000000001,1970-01-01 00:00:00.000000006,1970-01-01 00:00:00.000000001,6,0,6
cow737,1970-01-01 00:00:00.000000001,1970-01-01 00:00:00.000000006,1970-01-01 00:00:00.000000001,6,0,6
cow738,1970-01-01 00:00:00.000000001,1970-01-01 00:00:00.000000006,1970-01-01 00:00:00.000000001,6,0,6
cow739,1970-01-01 00:00:00.000000001,1970-01-01 00:00:00.000000006,1970-01-01 00:00:00.000000001,6,0,6
cow74,1970-01-01 00:00:00.000000001,1970-01-01 00:00:00.000000006,,0,6,6
cow740,1970-01-01 00:00:00.000000001,1970-01-01 00:00:00.000000006,,0,6,6
cow741,1970-01-01 00:00:00.000000001,1970-01-01 00:00:00.000000006,,0,6,6
cow742,1970-01-01 00:00:00.000000001,1970-01-01 00:00:00.000000006,,0,6,6
cow743,1970-01-01 00:00:00.000000001,1970-01-01 00:00:00.000000006,1970-01-01 00:00:00.000000001,6,0,6
cow744,1970-01-01 00:00:00.000000001,1970-01-01 00:00:00.000000006,,0,6,6
cow745,1970-01-01 00:00:00.000000001,1970-01-01 00:00:00.000000006,,0,6,6
cow746,1970-01-01 00:00:00.000000001,1970-01-01 00:00:00.000000006,,0,6,6
cow747,1970-01-01 00:00:00.000000001,1970-01-01 00:00:00.000000006,,0,6,6
cow748,1970-01-01 00:00:00.000000001,1970-01-01 00:00:00.000000006,1970-01-01 00:00:00.000000001,6,0,6
cow749,1970-01-01 00:00:00.000000001,1970-01-01 00:00:00.000000006,,0,6,6
cow75,1970-01-01 00:00:00.000000001,1970-01-01 00:00:00.000000006,1970-01-01 00:00:00.000000001,6,0,6
cow750,1970-01-01 00:00:00.000000001,1970-01-01 00:00:00.000000006,,0,6,6
cow751,1970-01-01 00:00:00.000000001,1970-01-01 00:00:00.000000006,,0,6,6
cow752,1970-01-01 00:00:00.000000001,1970-01-01 00:00:00.000000006,,0,6,6
cow753,1970-01-01 00:00:00.000000001,1970-01-01 00:00:00.000000006,,0,6,6
cow754,1970-01-01 00:00:00.000000001,1970-01-01 00:00:00.000000006,,0,6,6
cow755,1970-01-01 00:00:00.000000001,1970-01-01 00:00:00.000000006,,0,6,6
cow756,1970-01-01 00:00:00.000000001,1970-01-01 00:00:00.000000006,1970-01-01 00:00:00.000000001,6,0,6
cow757,1970-01-01 00:00:00.000000001,1970-01-01 00:00:00.000000006,,0,6,6
cow758,1970-01-01 00:00:00.000000001,1970-01-01 00:00:00.000000006,,0,6,6
cow759,1970-01-01 00:00:00.000000001,1970-01-01 00:00:00.000000006,,0,6,6
cow76,1970-01-01 00:00:00.000000001,1970-01-01 00:00:00.000000006,1970-01-01 00:00:00.000000001,6,0,6
cow760,1970-01-01 00:00:00.000000001,1970-01-01 00:00:00.000000006,1970-01-01 00:00:00.000000001,6,0,6
cow761,1970-01-01 00:00:00.000000001,1970-01-01 00:00:00.000000006,,0,6,6
cow762,1970-01-01 00:00:00.000000001,1970-01-01 00:00:00.000000006,,0,6,6
cow763,1970-01-01 00:00:00.000000001,1970-01-01 00:00:00.000000006,,0,6,6
cow764,1970-01-01 00:00:00.000000001,1970-01-01 00:00:00.000000006,,0,6,6
cow765,1970-01-01 00:00:00.000000001,1970-01-01 00:00:00.000000006,1970-01-01 00:00:00.000000001,6,0,6
cow766,1970-01-01 00:00:00.000000001,1970-01-01 00:00:00.000000006,,0,6,6
cow767,1970-01-01 00:00:00.000000001,1970-01-01 00:00:00.000000006,,0,6,6
cow768,1970-01-01 00:00:00.000000001,1970-01-01 00:00:00.000000006,,0,6,6
cow769,1970-01-01 00:00:00.000000001,1970-01-01 00:00:00.000000006,,0,6,6
cow77,1970-01-01 00:00:00.000000001,1970-01-01 00:00:00.000000006,1970-01-01 00:00:00.000000001,6,0,6
cow770,1970-01-01 00:00:00.000000001,1970-01-01 00:00:00.000000006,,0,6,6
cow771,1970-01-01 00:00:00.000000001,1970-01-01 00:00:00.000000006,,0,6,6
cow772,1970-01-01 00:00:00.000000001,1970-01-01 00:00:00.000000006,,0,6,6
cow773,1970-01-01 00:00:00.000000001,1970-01-01 00:00:00.000000006,,0,6,6
cow774,1970-01-01 00:00:00.000000001,1970-01-01 00:00:00.000000006,1970-01-01 00:00:00.000000001,6,0,6
cow775,1970-01-01 00:00:00.000000001,1970-01-01 00:00:00.000000006,,0,6,6
cow776,1970-01-01 00:00:00.000000001,1970-01-01 00:00:00.000000006,,0,6,6
cow777,1970-01-01 00:00:00.000000001,1970-01-01 00:00:00.000000006,,0,6,6
cow778,1970-01-01 00:00:00.000000001,1970-01-01 00:00:00.000000006,,0,6,6
cow779,1970-01-01 00:00:00.000000001,1970-01-01 00:00:00.000000006,,0,6,6
cow78,1970-01-01 00:00:00.000000001,1970-01-01 00:00:00.000000006,1970-01-01 00:00:00.000000001,6,0,6
cow780,1970-01-01 00:00:00.000000001,1970-01-01 00:00:00.000000006,1970-01-01 00:00:00.000000001,6,0,6
cow781,1970-01-01 00:00:00.000000001,1970-01-01 00:00:00.000000006,,0,6,6
cow782,1970-01-01 00:00:00.000000001,1970-01-01 00:00:00.000000006,,0,6,6
cow783,1970-01-01 00:00:00.000000001,1970-01-01 00:00:00.000000006,,0,6,6
cow784,1970-01-01 00:00:00.000000001,1970-01-01 00:00:00.000000006,,0,6,6
cow785,1970-01-01 00:00:00.000000001,1970-01-01 00:00:00.000000006,,0,6,6
cow786,1970-01-01 00:00:00.000000001,1970-01-01 00:00:00.000000006,,0,6,6
cow787,1970-01-01 00:00:00.000000001,1970-01-01 00:00:00.000000006,,0,6,6
cow788,1970-01-01 00:00:00.000000001,1970-01-01 00:00:00.000000006,1970-01-01 00:00:00.000000001,6,0,6
cow789,1970-01-01 00:00:00.000000001,1970-01-01 00:00:00.000000006,1970-01-01 00:00:00.000000001,6,0,6
cow79,1970-01-01 00:00:00.000000001,1970-01-01 00:00:00.000000006,1970-01-01 00:00:00.000000001,6,0,6
cow790,1970-01-01 00:00:00.000000001,1970-01-01 00:00:00.000000006,1970-01-01 00:00:00.000000001,6,0,6
cow791,1970-01-01 00:00:00.000000001,1970-01-01 00:00:00.000000006,,0,6,6
cow792,1970-01-01 00:00:00.000000001,1970-01-01 00:00:00.000000006,,0,6,6
cow793,1970-01-01 00:00:00.000000001,1970-01-01 00:00:00.000000006,,0,6,6
cow794,1970-01-01 00:00:00.000000001,1970-01-01 00:00:00.000000006,,0,6,6
cow795,1970-01-01 00:00:00.000000001,1970-01-01 00:00:00.000000006,1970-01-01 00:00:00.000000001,6,0,6
cow796,1970-01-01 00:00:00.000000001,1970-01-01 00:00:00.000000006,,0,6,6
cow797,1970-01-01 00:00:00.000000001,1970-01-01 00:00:00.000000006,,0,6,6
cow798,1970-01-01 00:00:00.000000001,1970-01-01 00:00:00.000000006,,0,6,6
cow799,1970-01-01 00:00:00.000000001,1970-01-01 00:00:00.000000006,1970-01-01 00:00:00.000000001,6,0,6
cow8,1970-01-01 00:00:00.000000001,1970-01-01 00:00:00.000000006,,0,6,6
cow80,1970-01-01 00:00:00.000000001,1970-01-01 00:00:00.000000006,1970-01-01 00:00:00.000000001,6,0,6
cow800,1970-01-01 00:00:00.000000001,1970-01-01 00:00:00.000000006,,0,6,6
cow801,1970-01-01 00:00:00.000000001,1970-01-01 00:00:00.000000006,1970-01-01 00:00:00.000000001,6,0,6
cow802,1970-01-01 00:00:00.000000001,1970-01-01 00:00:00.000000006,1970-01-01 00:00:00.000000001,6,0,6
cow803,1970-01-01 00:00:00.000000001,1970-01-01 00:00:00.000000006,1970-01-01 00:00:00.000000001,6,0,6
cow804,1970-01-01 00:00:00.000000001,1970-01-01 00:00:00.000000006,1970-01-01 00:00:00.000000001,6,0,6
cow805,1970-01-01 00:00:00.000000001,1970-01-01 00:00:00.000000006,,0,6,6
cow806,1970-01-01 00:00:00.000000001,1970-01-01 00:00:00.000000006,,0,6,6
cow807,1970-01-01 00:00:00.000000001,1970-01-01 00:00:00.000000006,1970-01-01 00:00:00.000000001,6,0,6
cow808,1970-01-01 00:00:00.000000001,1970-01-01 00:00:00.000000006,1970-01-01 00:00:00.000000001,6,0,6
cow809,1970-01-01 00:00:00.000000001,1970-01-01 00:00:00.000000006,1970-01-01 00:00:00.000000001,6,0,6
cow81,1970-01-01 00:00:00.000000001,1970-01-01 00:00:00.000000006,1970-01-01 00:00:00.000000001,6,0,6
cow810,1970-01-01 00:00:00.000000001,1970-01-01 00:00:00.000000006,1970-01-01 00:00:00.000000001,6,0,6
cow811,1970-01-01 00:00:00.000000001,1970-01-01 00:00:00.000000006,1970-01-01 00:00:00.000000001,6,0,6
cow812,1970-01-01 00:00:00.000000001,1970-01-01 00:00:00.000000006,1970-01-01 00:00:00.000000001,6,0,6
cow813,1970-01-01 00:00:00.000000001,1970-01-01 00:00:00.000000006,,0,6,6
cow814,1970-01-01 00:00:00.000000001,1970-01-01 00:00:00.000000006,,0,6,6
cow815,1970-01-01 00:00:00.000000001,1970-01-01 00:00:00.000000006,,0,6,6
cow816,1970-01-01 00:00:00.000000001,1970-01-01 00:00:00.000000006,1970-01-01 00:00:00.000000001,6,0,6
cow817,1970-01-01 00:00:00.000000001,1970-01-01 00:00:00.000000006,,0,6,6
cow818,1970-01-01 00:00:00.000000001,1970-01-01 00:00:00.000000006,,0,6,6
cow819,1970-01-01 00:00:00.000000001,1970-01-01 00:00:00.000000006,,0,6,6
cow82,1970-01-01 00:00:00.000000001,1970-01-01 00:00:00.000000006,1970-01-01 00:00:00.000000001,6,0,6
cow820,1970-01-01 00:00:00.000000001,1970-01-01 00:00:00.000000006,,0,6,6
cow821,1970-01-01 00:00:00.000000001,1970-01-01 00:00:00.000000006,1970-01-01 00:00:00.000000001,6,0,6
cow822,1970-01-01 00:00:00.000000001,1970-01-01 00:00:00.000000006,,0,6,6
cow823,1970-01-01 00:00:00.000000001,1970-01-01 00:00:00.000000006,,0,6,6
cow824,1970-01-01 00:00:00.000000001,1970-01-01 00:00:00.000000006,1970-01-01 00:00:00.000000001,6,0,6
cow825,1970-01-01 00:00:00.000000001,1970-01-01 00:00:00.000000006,1970-01-01 00:00:00.000000001,6,0,6
cow826,1970-01-01 00:00:00.000000001,1970-01-01 00:00:00.000000006,1970-01-01 00:00:00.000000001,6,0,6
cow827,1970-01-01 00:00:00.000000001,1970-01-01 00:00:00.000000006,1970-01-01 00:00:00.000000001,6,0,6
cow828,1970-01-01 00:00:00.000000001,1970-01-01 00:00:00.000000006,1970-01-01 00:00:00.000000001,6,0,6
cow829,1970-01-01 00:00:00.000000001,1970-01-01 00:00:00.000000006,1970-01-01 00:00:00.000000001,6,0,6
cow83,1970-01-01 00:00:00.000000001,1970-01-01 00:00:00.000000006,1970-01-01 00:00:00.000000001,6,0,6
cow830,1970-01-01 00:00:00.000000001,1970-01-01 00:00:00.000000006,,0,6,6
cow831,1970-01-01 00:00:00.000000001,1970-01-01 00:00:00.000000006,,0,6,6
cow832,1970-01-01 00:00:00.000000001,1970-01-01 00:00:00.000000006,,0,6,6
cow833,1970-01-01 00:00:00.000000001,1970-01-01 00:00:00.000000006,1970-01-01 00:00:00.000000001,6,0,6
cow834,1970-01-01 00:00:00.000000001,1970-01-01 00:00:00.000000006,,0,6,6
cow835,1970-01-01 00:00:00.000000001,1970-01-01 00:00:00.000000006,1970-01-01 00:00:00.000000001,6,0,6
cow836,1970-01-01 00:00:00.000000001,1970-01-01 00:00:00.000000006,1970-01-01 00:00:00.000000001,6,0,6
cow837,1970-01-01 00:00:00.000000001,1970-01-01 00:00:00.000000006,,0,6,6
cow838,1970-01-01 00:00:00.000000001,1970-01-01 00:00:00.000000006,1970-01-01 00:00:00.000000001,6,0,6
cow839,1970-01-01 00:00:00.000000001,1970-01-01 00:00:00.000000006,,0,6,6
cow84,1970-01-01 00:00:00.000000001,1970-01-01 00:00:00.000000006,1970-01-01 00:00:00.000000001,6,0,6
cow840,1970-01-01 00:00:00.000000001,1970-01-01 00:00:00.000000006,,0,6,6
cow841,1970-01-01 00:00:00.000000001,1970-01-01 00:00:00.000000006,,0,6,6
cow842,1970-01-01 00:00:00.000000001,1970-01-01 00:00:00.000000006,,0,6,6
cow843,1970-01-01 00:00:00.000000001,1970-01-01 00:00:00.000000006,,0,6,6
cow844,1970-01-01 00:00:00.000000001,1970-01-01 00:00:00.000000006,,0,6,6
cow845,1970-01-01 00:00:00.000000001,1970-01-01 00:00:00.000000006,1970-01-01 00:00:00.000000001,6,0,6
cow846,1970-01-01 00:00:00.000000001,1970-01-01 00:00:00.000000006,,0,6,6
cow847,1970-01-01 00:00:00.000000001,1970-01-01 00:00:00.000000006,1970-01-01 00:00:00.000000001,6,0,6
cow848,1970-01-01 00:00:00.000000001,1970-01-01 00:00:00.000000006,,0,6,6
cow849,1970-01-01 00:00:00.000000001,1970-01-01 00:00:00.000000006,,0,6,6
cow85,1970-01-01 00:00:00.000000001,1970-01-01 00:00:00.000000006,1970-01-01 00:00:00.000000001,6,0,6
cow850,1970-01-01 00:00:00.000000001,1970-01-01 00:00:00.000000006,,0,6,6
cow851,1970-01-01 00:00:00.000000001,1970-01-01 00:00:00.000000006,,0,6,6
cow852,1970-01-01 00:00:00.000000001,1970-01-01 00:00:00.000000006,,0,6,6
cow853,1970-01-01 00:00:00.000000001,1970-01-01 00:00:00.000000006,1970-01-01 00:00:00.000000001,6,0,6
cow854,1970-01-01 00:00:00.000000001,1970-01-01 00:00:00.000000006,,0,6,6
cow855,1970-01-01 00:00:00.000000001,1970-01-01 00:00:00.000000006,,0,6,6
cow856,1970-01-01 00:00:00.000000001,1970-01-01 00:00:00.000000006,,0,6,6
cow857,1970-01-01 00:00:00.000000001,1970-01-01 00:00:00.000000006,,0,6,6
cow858,1970-01-01 00:00:00.000000001,1970-01-01 00:00:00.000000006,,0,6,6
cow859,1970-01-01 00:00:00.000000001,1970-01-01 00:00:00.000000006,,0,6,6
cow86,1970-01-01 00:00:00.000000001,1970-01-01 00:00:00.000000006,,0,6,6
cow860,1970-01-01 00:00:00.000000001,1970-01-01 00:00:00.000000006,,0,6,6
cow861,1970-01-01 00:00:00.000000001,1970-01-01 00:00:00.000000006,,0,6,6
cow862,1970-01-01 00:00:00.000000001,1970-01-01 00:00:00.000000006,,0,6,6
cow863,1970-01-01 00:00:00.000000001,1970-01-01 00:00:00.000000006,1970-01-01 00:00:00.000000001,6,0,6
cow864,1970-01-01 00:00:00.000000001,1970-01-01 00:00:00.000000006,,0,6,6
cow865,1970-01-01 00:00:00.000000001,1970-01-01 00:00:00.000000006,,0,6,6
cow866,1970-01-01 00:00:00.000000001,1970-01-01 00:00:00.000000006,,0,6,6
cow867,1970-01-01 00:00:00.000000001,1970-01-01 00:00:00.000000006,,0,6,6
cow868,1970-01-01 00:00:00.000000001,1970-01-01 00:00:00.000000006,1970-01-01 00:00:00.000000001,6,0,6
cow869,1970-01-01 00:00:00.000000001,1970-01-01 00:00:00.000000006,,0,6,6
cow87,1970-01-01 00:00:00.000000001,1970-01-01 00:00:00.000000006,,0,6,6
cow870,1970-01-01 00:00:00.000000001,1970-01-01 00:00:00.000000006,,0,6,6
cow871,1970-01-01 00:00:00.000000001,1970-01-01 00:00:00.000000006,,0,6,6
cow872,1970-01-01 00:00:00.000000001,1970-01-01 00:00:00.000000006,1970-01-01 00:00:00.000000001,6,0,6
cow873,1970-01-01 00:00:00.000000001,1970-01-01 00:00:00.000000006,,0,6,6
cow874,1970-01-01 00:00:00.000000001,1970-01-01 00:00:00.000000006,,0,6,6
cow875,1970-01-01 00:00:00.000000001,1970-01-01 00:00:00.000000006,,0,6,6
cow876,1970-01-01 00:00:00.000000001,1970-01-01 00:00:00.000000006,,0,6,6
cow877,1970-01-01 00:00:00.000000001,1970-01-01 00:00:00.000000006,1970-01-01 00:00:00.000000001,6,0,6
cow878,1970-01-01 00:00:00.000000001,1970-01-01 00:00:00.000000006,,0,6,6
cow879,1970-01-01 00:00:00.000000001,1970-01-01 00:00:00.000000006,,0,6,6
cow88,1970-01-01 00:00:00.000000001,1970-01-01 00:00:00.000000006,,0,6,6
cow880,1970-01-01 00:00:00.000000001,1970-01-01 00:00:00.000000006,,0,6,6
cow881,1970-01-01 00:00:00.000000001,1970-01-01 00:00:00.000000006,,0,6,6
cow882,1970-01-01 00:00:00.000000001,1970-01-01 00:00:00.000000006,1970-01-01 00:00:00.000000001,6,0,6
cow883,1970-01-01 00:00:00.000000001,1970-01-01 00:00:00.000000006,,0,6,6
cow884,1970-01-01 00:00:00.000000001,1970-01-01 00:00:00.000000006,,0,6,6
cow885,1970-01-01 00:00:00.000000001,1970-01-01 00:00:00.000000006,,0,6,6
cow886,1970-01-01 00:00:00.000000001,1970-01-01 00:00:00.000000006,1970-01-01 00:00:00.000000001,6,0,6
cow887,1970-01-01 00:00:00.000000001,1970-01-01 00:00:00.000000006,,0,6,6
cow888,1970-01-01 00:00:00.000000001,1970-01-01 00:00:00.000000006,,0,6,6
cow889,1970-01-01 00:00:00.000000001,1970-01-01 00:00:00.000000006,,0,6,6
cow89,1970-01-01 00:00:00.000000001,1970-01-01 00:00:00.000000006,1970-01-01 00:00:00.000000001,6,0,6
cow890,1970-01-01 00:00:00.000000001,1970-01-01 00:00:00.000000006,1970-01-01 00:00:00.000000001,6,0,6
cow891,1970-01-01 00:00:00.000000001,1970-01-01 00:00:00.000000006,,0,6,6
cow892,1970-01-01 00:00:00.000000001,1970-01-01 00:00:00.000000006,,0,6,6
cow893,1970-01-01 00:00:00.000000001,1970-01-01 00:00:00.000000006,,0,6,6
cow894,1970-01-01 00:00:00.000000001,1970-01-01 00:00:00.000000006,,0,6,6
cow895,1970-01-01 00:00:00.000000001,1970-01-01 00:00:00.000000006,,0,6,6
cow896,1970-01-01 00:00:00.000000001,1970-01-01 00:00:00.000000006,,0,6,6
cow897,1970-01-01 00:00:00.000000001,1970-01-01 00:00:00.000000006,,0,6,6
cow898,1970-01-01 00:00:00.000000001,1970-01-01 00:00:00.000000006,,0,6,6
cow899,1970-01-01 00:00:00.000000001,1970-01-01 00:00:00.000000006,,0,6,6
cow9,1970-01-01 00:00:00.000000001,1970-01-01 00:00:00.000000006,1970-01-01 00:00:00.000000001,6,0,6
cow90,1970-01-01 00:00:00.000000001,1970-01-01 00:00:00.000000006,,0,6,6
cow900,1970-01-01 00:00:00.000000001,1970-01-01 00:00:00.000000006,,0,6,6
cow901,1970-01-01 00:00:00.000000001,1970-01-01 00:00:00.000000006,1970-01-01 00:00:00.000000001,6,0,6
cow902,1970-01-01 00:00:00.000000001,1970-01-01 00:00:00.000000006,,0,6,6
cow903,1970-01-01 00:00:00.000000001,1970-01-01 00:00:00.000000006,,0,6,6
cow904,1970-01-01 00:00:00.000000001,1970-01-01 00:00:00.000000006,,0,6,6
cow905,1970-01-01 00:00:00.000000001,1970-01-01 00:00:00.000000006,,0,6,6
cow906,1970-01-01 00:00:00.000000001,1970-01-01 00:00:00.000000006,,0,6,6
cow907,1970-01-01 00:00:00.000000001,1970-01-01 00:00:00.000000006,1970-01-01 00:00:00.000000001,6,0,6
cow908,1970-01-01 00:00:00.000000001,1970-01-01 00:00:00.000000006,,0,6,6
cow909,1970-01-01 00:00:00.000000001,1970-01-01 00:00:00.000000006,,0,6,6
cow91,1970-01-01 00:00:00.000000001,1970-01-01 00:00:00.000000006,,0,6,6
cow910,1970-01-01 00:00:00.000000001,1970-01-01 00:00:00.000000006,,0,6,6
cow911,1970-01-01 00:00:00.000000001,1970-01-01 00:00:00.000000006,,0,6,6
cow912,1970-01-01 00:00:00.000000001,1970-01-01 00:00:00.000000006,,0,6,6
cow913,1970-01-01 00:00:00.000000001,1970-01-01 00:00:00.000000006,,0,6,6
cow914,1970-01-01 00:00:00.000000001,1970-01-01 00:00:00.000000006,,0,6,6
cow915,1970-01-01 00:00:00.000000001,1970-01-01 00:00:00.000000006,,0,6,6
cow916,1970-01-01 00:00:00.000000001,1970-01-01 00:00:00.000000006,,0,6,6
cow917,1970-01-01 00:00:00.000000001,1970-01-01 00:00:00.000000006,1970-01-01 00:00:00.000000001,6,0,6
cow918,1970-01-01 00:00:00.000000001,1970-01-01 00:00:00.000000006,,0,6,6
cow919,1970-01-01 00:00:00.000000001,1970-01-01 00:00:00.000000006,,0,6,6
cow92,1970-01-01 00:00:00.000000001,1970-01-01 00:00:00.000000006,,0,6,6
cow920,1970-01-01 00:00:00.000000001,1970-01-01 00:00:00.000000006,,0,6,6
cow921,1970-01-01 00:00:00.000000001,1970-01-01 00:00:00.000000006,,0,6,6
cow922,1970-01-01 00:00:00.000000001,1970-01-01 00:00:00.000000006,1970-01-01 00:00:00.000000001,6,0,6
cow923,1970-01-01 00:00:00.000000001,1970-01-01 00:00:00.000000006,,0,6,6
cow924,1970-01-01 00:00:00.000000001,1970-01-01 00:00:00.000000006,,0,6,6
cow925,1970-01-01 00:00:00.000000001,1970-01-01 00:00:00.000000006,,0,6,6
cow926,1970-01-01 00:00:00.000000001,1970-01-01 00:00:00.000000006,1970-01-01 00:00:00.000000001,6,0,6
cow927,1970-01-01 00:00:00.000000001,1970-01-01 00:00:00.000000006,,0,6,6
cow928,1970-01-01 00:00:00.000000001,1970-01-01 00:00:00.000000006,,0,6,6
cow929,1970-01-01 00:00:00.000000001,1970-01-01 00:00:00.000000006,,0,6,6
cow93,1970-01-01 00:00:00.000000001,1970-01-01 00:00:00.000000006,,0,6,6
cow930,1970-01-01 00:00:00.000000001,1970-01-01 00:00:00.000000006,,0,6,6
cow931,1970-01-01 00:00:00.000000001,1970-01-01 00:00:00.000000006,1970-01-01 00:00:00.000000001,6,0,6
cow932,1970-01-01 00:00:00.000000001,1970-01-01 00:00:00.000000006,,0,6,6
cow933,1970-01-01 00:00:00.000000001,1970-01-01 00:00:00.000000006,,0,6,6
cow934,1970-01-01 00:00:00.000000001,1970-01-01 00:00:00.000000006,1970-01-01 00:00:00.000000001,6,0,6
cow935,1970-01-01 00:00:00.000000001,1970-01-01 00:00:00.000000006,,0,6,6
cow936,1970-01-01 00:00:00.000000001,1970-01-01 00:00:00.000000006,,0,6,6
cow937,1970-01-01 00:00:00.000000001,1970-01-01 00:00:00.000000006,,0,6,6
cow938,1970-01-01 00:00:00.000000001,1970-01-01 00:00:00.000000006,,0,6,6
cow939,1970-01-01 00:00:00.000000001,1970-01-01 00:00:00.000000006,1970-01-01 00:00:00.000000001,6,0,6
cow94,1970-01-01 00:00:00.000000001,1970-01-01 00:00:00.000000006,1970-01-01 00:00:00.000000001,6,0,6
cow940,1970-01-01 00:00:00.000000001,1970-01-01 00:00:00.000000006,,0,6,6
cow941,1970-01-01 00:00:00.000000001,1970-01-01 00:00:00.000000006,,0,6,6
cow942,1970-01-01 00:00:00.000000001,1970-01-01 00:00:00.000000006,,0,6,6
cow943,1970-01-01 00:00:00.000000001,1970-01-01 00:00:00.000000006,,0,6,6
cow944,1970-01-01 00:00:00.000000001,1970-01-01 00:00:00.000000006,,0,6,6
cow945,1970-01-01 00:00:00.000000001,1970-01-01 00:00:00.000000006,,0,6,6
cow946,1970-01-01 00:00:00.000000001,1970-01-01 00:00:00.000000006,,0,6,6
cow947,1970-01-01 00:00:00.000000001,1970-01-01 00:00:00.000000006,1970-01-01 00:00:00.000000001,6,0,6
cow948,1970-01-01 00:00:00.000000001,1970-01-01 00:00:00.000000006,,0,6,6
cow949,1970-01-01 00:00:00.000000001,1970-01-01 00:00:00.000000006,1970-01-01 00:00:00.000000001,6,0,6
cow95,1970-01-01 00:00:00.000000001,1970-01-01 00:00:00.000000006,,0,6,6
cow950,1970-01-01 00:00:00.000000001,1970-01-01 00:00:00.000000006,,0,6,6
cow951,1970-01-01 00:00:00.000000001,1970-01-01 00:00:00.000000006,1970-01-01 00:00:00.000000001,6,0,6
cow952,1970-01-01 00:00:00.000000001,1970-01-01 00:00:00.000000006,,0,6,6
cow953,1970-01-01 00:00:00.000000001,1970-01-01 00:00:00.000000006,,0,6,6
cow954,1970-01-01 00:00:00.000000001,1970-01-01 00:00:00.000000006,,0,6,6
cow955,1970-01-01 00:00:00.000000001,1970-01-01 00:00:00.000000006,,0,6,6
cow956,1970-01-01 00:00:00.000000001,1970-01-01 00:00:00.000000006,1970-01-01 00:00:00.000000001,6,0,6
cow957,1970-01-01 00:00:00.000000001,1970-01-01 00:00:00.000000006,,0,6,6
cow958,1970-01-01 00:00:00.000000001,1970-01-01 00:00:00.000000006,1970-01-01 00:00:00.000000001,6,0,6
cow959,1970-01-01 00:00:00.000000001,1970-01-01 00:00:00.000000006,1970-01-01 00:00:00.000000001,6,0,6
cow96,1970-01-01 00:00:00.000000001,1970-01-01 00:00:00.000000006,,0,6,6
cow960,1970-01-01 00:00:00.000000001,1970-01-01 00:00:00.000000006,1970-01-01 00:00:00.000000001,6,0,6
cow961,1970-01-01 00:00:00.000000001,1970-01-01 00:00:00.000000006,1970-01-01 00:00:00.000000001,6,0,6
cow962,1970-01-01 00:00:00.000000001,1970-01-01 00:00:00.000000006,1970-01-01 00:00:00.000000001,6,0,6
cow963,1970-01-01 00:00:00.000000001,1970-01-01 00:00:00.000000006,1970-01-01 00:00:00.000000001,6,0,6
cow964,1970-01-01 00:00:00.000000001,1970-01-01 00:00:00.000000006,,0,6,6
cow965,1970-01-01 00:00:00.000000001,1970-01-01 00:00:00.000000006,1970-01-01 00:00:00.000000001,6,0,6
cow966,1970-01-01 00:00:00.000000001,1970-01-01 00:00:00.000000006,,0,6,6
cow967,1970-01-01 00:00:00.000000001,1970-01-01 00:00:00.000000006,,0,6,6
cow968,1970-01-01 00:00:00.000000001,1970-01-01 00:00:00.000000006,,0,6,6
cow969,1970-01-01 00:00:00.000000001,1970-01-01 00:00:00.000000006,,0,6,6
cow97,1970-01-01 00:00:00.000000001,1970-01-01 00:00:00.000000006,1970-01-01 00:00:00.000000001,6,0,6
cow970,1970-01-01 00:00:00.000000001,1970-01-01 00:00:00.000000006,,0,6,6
cow971,1970-01-01 00:00:00.000000001,1970-01-01 00:00:00.000000006,1970-01-01 00:00:00.000000001,6,0,6
cow972,1970-01-01 00:00:00.000000001,1970-01-01 00:00:00.000000006,,0,6,6
cow973,1970-01-01 00:00:00.000000001,1970-01-01 00:00:00.000000006,1970-01-01 00:00:00.000000001,6,0,6
cow974,1970-01-01 00:00:00.000000001,1970-01-01 00:00:00.000000006,1970-01-01 00:00:00.000000001,6,0,6
cow975,1970-01-01 00:00:00.000000001,1970-01-01 00:00:00.000000006,1970-01-01 00:00:00.000000001,6,0,6
cow976,1970-01-01 00:00:00.000000001,1970-01-01 00:00:00.000000006,1970-01-01 00:00:00.000000001,6,0,6
cow977,1970-01-01 00:00:00.000000001,1970-01-01 00:00:00.000000006,1970-01-01 00:00:00.000000001,6,0,6
cow978,1970-01-01 00:00:00.000000001,1970-01-01 00:00:00.000000006,1970-01-01 00:00:00.000000001,6,0,6
cow979,1970-01-01 00:00:00.000000001,1970-01-01 00:00:00.000000006,,0,6,6
cow98,1970-01-01 00:00:00.000000001,1970-01-01 00:00:00.000000006,1970-01-01 00:00:00.000000001,6,0,6
cow980,1970-01-01 00:00:00.000000001,1970-01-01 00:00:00.000000006,,0,6,6
cow981,1970-01-01 00:00:00.000000001,1970-01-01 00:00:00.000000006,1970-01-01 00:00:00.000000001,6,0,6
cow982,1970-01-01 00:00:00.000000001,1970-01-01 00:00:00.000000006,,0,6,6
cow983,1970-01-01 00:00:00.000000001,1970-01-01 00:00:00.000000006,,0,6,6
cow984,1970-01-01 00:00:00.000000001,1970-01-01 00:00:00.000000006,,0,6,6
cow985,1970-01-01 00:00:00.000000001,1970-01-01 00:00:00.000000006,,0,6,6
cow986,1970-01-01 00:00:00.000000001,1970-01-01 00:00:00.000000006,1970-01-01 00:00:00.000000001,6,0,6
cow987,1970-01-01 00:00:00.000000001,1970-01-01 00:00:00.000000006,,0,6,6
cow988,1970-01-01 00:00:00.000000001,1970-01-01 00:00:00.000000006,,0,6,6
cow989,1970-01-01 00:00:00.000000001,1970-01-01 00:00:00.000000006,,0,6,6
cow99,1970-01-01 00:00:00.000000001,1970-01-01 00:00:00.000000006,1970-01-01 00:00:00.000000001,6,0,6
cow990,1970-01-01 00:00:00.000000001,1970-01-01 00:00:00.000000006,1970-01-01 00:00:00.000000001,6,0,6
cow991,1970-01-01 00:00:00.000000001,1970-01-01 00:00:00.000000006,1970-01-01 00:00:00.000000001,6,0,6
cow992,1970-01-01 00:00:00.000000001,1970-01-01 00:00:00.000000006,1970-01-01 00:00:00.000000001,6,0,6
cow993,1970-01-01 00:00:00.000000001,1970-01-01 00:00:00.000000006,1970-01-01 00:00:00.000000001,6,0,6
cow994,1970-01-01 00:00:00.000000001,1970-01-01 00:00:00.000000006,1970-01-01 00:00:00.000000001,6,0,6
cow995,1970-01-01 00:00:00.000000001,1970-01-01 00:00:00.000000006,1970-01-01 00:00:00.000000001,6,0,6
cow996,1970-01-01 00:00:00.000000001,1970-01-01 00:00:00.000000006,1970-01-01 00:00:00.000000001,6,0,6
cow997,1970-01-01 00:00:00.000000001,1970-01-01 00:00:00.000000006,1970-01-01 00:00:00.000000001,6,0,6
cow998,1970-01-01 00:00:00.000000001,1970-01-01 00:00:00.000000006,,0,6,6
cow999,1970-01-01 00:00:00.000000001,1970-01-01 00:00:00.000000006,1970-01-01 00:00:00.000000001,6,0,6
