feature_name,source_dataset,source_file,source_column,data_type,time_granularity,cow_identifier,date_identifier,transformation_required,leakage_risk,notes
Milk_Temperature,archive (7),archive (7)\cow_milk_mastitis_dataset.csv,Milk_Temperature,float64,high-freq,Cow_ID/C*/T*,Day/datetime,aggregate to daily,SAFE FEATURE,
Milk_pH,archive (7),archive (7)\cow_milk_mastitis_dataset.csv,Milk_pH,float64,high-freq,Cow_ID/C*/T*,Day/datetime,aggregate to daily,SAFE FEATURE,
Milk_Conductivity,archive (7),archive (7)\cow_milk_mastitis_dataset.csv,Milk_Conductivity,float64,high-freq,Cow_ID/C*/T*,Day/datetime,aggregate to daily,SAFE FEATURE,
Somatic_Cell_Count,archive (7),archive (7)\cow_milk_mastitis_dataset.csv,Somatic_Cell_Count,int64,high-freq,Cow_ID/C*/T*,Day/datetime,aggregate to daily,SAFE FEATURE,
Milk_Yield,archive (7),archive (7)\cow_milk_mastitis_dataset.csv,Milk_Yield,float64,high-freq,Cow_ID/C*/T*,Day/datetime,aggregate to daily,SAFE FEATURE,
Clotting,archive (7),archive (7)\cow_milk_mastitis_dataset.csv,Clotting,int64,high-freq,Cow_ID/C*/T*,Day/datetime,aggregate to daily,SAFE FEATURE,
x,archive (8),archive (8)\abp_accel.csv,x,int64,high-freq,Cow_ID/C*/T*,Day/datetime,aggregate to daily,SAFE FEATURE,
y,archive (8),archive (8)\abp_accel.csv,y,int64,high-freq,Cow_ID/C*/T*,Day/datetime,aggregate to daily,SAFE FEATURE,
z,archive (8),archive (8)\abp_accel.csv,z,int64,high-freq,Cow_ID/C*/T*,Day/datetime,aggregate to daily,SAFE FEATURE,
pH,archive (9),archive (9)\milknew.csv,pH,float64,high-freq,Cow_ID/C*/T*,Day/datetime,aggregate to daily,SAFE FEATURE,
Temprature,archive (9),archive (9)\milknew.csv,Temprature,int64,high-freq,Cow_ID/C*/T*,Day/datetime,aggregate to daily,SAFE FEATURE,
Taste,archive (9),archive (9)\milknew.csv,Taste,int64,high-freq,Cow_ID/C*/T*,Day/datetime,aggregate to daily,SAFE FEATURE,
Odor,archive (9),archive (9)\milknew.csv,Odor,int64,high-freq,Cow_ID/C*/T*,Day/datetime,aggregate to daily,SAFE FEATURE,
Fat ,archive (9),archive (9)\milknew.csv,Fat ,int64,high-freq,Cow_ID/C*/T*,Day/datetime,aggregate to daily,SAFE FEATURE,
Turbidity,archive (9),archive (9)\milknew.csv,Turbidity,int64,high-freq,Cow_ID/C*/T*,Day/datetime,aggregate to daily,SAFE FEATURE,
Colour,archive (9),archive (9)\milknew.csv,Colour,int64,high-freq,Cow_ID/C*/T*,Day/datetime,aggregate to daily,SAFE FEATURE,
Grade,archive (9),archive (9)\milknew.csv,Grade,str,high-freq,Cow_ID/C*/T*,Day/datetime,aggregate to daily,SAFE FEATURE,
Breed,Clinical_Mastitis_cows_version2,Clinical_Mastitis_cows_version2\Clinical_Mastitis_cows_version2\clinical_mastitis_cows.csv,Breed,str,high-freq,Cow_ID/C*/T*,Day/datetime,aggregate to daily,SAFE FEATURE,
Months after giving birth,Clinical_Mastitis_cows_version2,Clinical_Mastitis_cows_version2\Clinical_Mastitis_cows_version2\clinical_mastitis_cows.csv,Months after giving birth,int64,high-freq,Cow_ID/C*/T*,Day/datetime,aggregate to daily,SAFE FEATURE,
Previous_Mastits_status,Clinical_Mastitis_cows_version2,Clinical_Mastitis_cows_version2\Clinical_Mastitis_cows_version2\clinical_mastitis_cows.csv,Previous_Mastits_status,int64,high-freq,Cow_ID/C*/T*,Day/datetime,aggregate to daily,SAFE FEATURE,
IUFL,Clinical_Mastitis_cows_version2,Clinical_Mastitis_cows_version2\Clinical_Mastitis_cows_version2\clinical_mastitis_cows.csv,IUFL,int64,high-freq,Cow_ID/C*/T*,Day/datetime,aggregate to daily,SAFE FEATURE,
EUFL,Clinical_Mastitis_cows_version2,Clinical_Mastitis_cows_version2\Clinical_Mastitis_cows_version2\clinical_mastitis_cows.csv,EUFL,int64,high-freq,Cow_ID/C*/T*,Day/datetime,aggregate to daily,SAFE FEATURE,
IUFR,Clinical_Mastitis_cows_version2,Clinical_Mastitis_cows_version2\Clinical_Mastitis_cows_version2\clinical_mastitis_cows.csv,IUFR,int64,high-freq,Cow_ID/C*/T*,Day/datetime,aggregate to daily,SAFE FEATURE,
EUFR,Clinical_Mastitis_cows_version2,Clinical_Mastitis_cows_version2\Clinical_Mastitis_cows_version2\clinical_mastitis_cows.csv,EUFR,int64,high-freq,Cow_ID/C*/T*,Day/datetime,aggregate to daily,SAFE FEATURE,
IURL,Clinical_Mastitis_cows_version2,Clinical_Mastitis_cows_version2\Clinical_Mastitis_cows_version2\clinical_mastitis_cows.csv,IURL,int64,high-freq,Cow_ID/C*/T*,Day/datetime,aggregate to daily,SAFE FEATURE,
EURL,Clinical_Mastitis_cows_version2,Clinical_Mastitis_cows_version2\Clinical_Mastitis_cows_version2\clinical_mastitis_cows.csv,EURL,int64,high-freq,Cow_ID/C*/T*,Day/datetime,aggregate to daily,SAFE FEATURE,
IURR,Clinical_Mastitis_cows_version2,Clinical_Mastitis_cows_version2\Clinical_Mastitis_cows_version2\clinical_mastitis_cows.csv,IURR,int64,high-freq,Cow_ID/C*/T*,Day/datetime,aggregate to daily,SAFE FEATURE,
EURR,Clinical_Mastitis_cows_version2,Clinical_Mastitis_cows_version2\Clinical_Mastitis_cows_version2\clinical_mastitis_cows.csv,EURR,int64,high-freq,Cow_ID/C*/T*,Day/datetime,aggregate to daily,SAFE FEATURE,
Temperature,Clinical_Mastitis_cows_version2,Clinical_Mastitis_cows_version2\Clinical_Mastitis_cows_version2\clinical_mastitis_cows.csv,Temperature,int64,high-freq,Cow_ID/C*/T*,Day/datetime,aggregate to daily,SAFE FEATURE,
Hardness,Clinical_Mastitis_cows_version2,Clinical_Mastitis_cows_version2\Clinical_Mastitis_cows_version2\clinical_mastitis_cows.csv,Hardness,int64,high-freq,Cow_ID/C*/T*,Day/datetime,aggregate to daily,SAFE FEATURE,
Pain,Clinical_Mastitis_cows_version2,Clinical_Mastitis_cows_version2\Clinical_Mastitis_cows_version2\clinical_mastitis_cows.csv,Pain,int64,high-freq,Cow_ID/C*/T*,Day/datetime,aggregate to daily,SAFE FEATURE,
Milk_visibility,Clinical_Mastitis_cows_version2,Clinical_Mastitis_cows_version2\Clinical_Mastitis_cows_version2\clinical_mastitis_cows.csv,Milk_visibility,int64,high-freq,Cow_ID/C*/T*,Day/datetime,aggregate to daily,SAFE FEATURE,
behavior,individual,sensor_data\behavior_labels\individual\C01_0725.csv,behavior,int64,high-freq,Cow_ID/C*/T*,Day/datetime,aggregate to daily,SAFE FEATURE,
lying,C01,sensor_data\main_data\ankle\C01\C01_0721.csv,lying,int64,high-freq,Cow_ID/C*/T*,Day/datetime,aggregate to daily,SAFE FEATURE,
lying,C02,sensor_data\main_data\ankle\C02\C02_0721.csv,lying,int64,high-freq,Cow_ID/C*/T*,Day/datetime,aggregate to daily,SAFE FEATURE,
lying,C03,sensor_data\main_data\ankle\C03\C03_0721.csv,lying,int64,high-freq,Cow_ID/C*/T*,Day/datetime,aggregate to daily,SAFE FEATURE,
lying,C04,sensor_data\main_data\ankle\C04\C04_0721.csv,lying,int64,high-freq,Cow_ID/C*/T*,Day/datetime,aggregate to daily,SAFE FEATURE,
lying,C05,sensor_data\main_data\ankle\C05\C05_0721.csv,lying,int64,high-freq,Cow_ID/C*/T*,Day/datetime,aggregate to daily,SAFE FEATURE,
lying,C06,sensor_data\main_data\ankle\C06\C06_0721.csv,lying,int64,high-freq,Cow_ID/C*/T*,Day/datetime,aggregate to daily,SAFE FEATURE,
lying,C07,sensor_data\main_data\ankle\C07\C07_0721.csv,lying,int64,high-freq,Cow_ID/C*/T*,Day/datetime,aggregate to daily,SAFE FEATURE,
lying,C08,sensor_data\main_data\ankle\C08\C08_0721.csv,lying,int64,high-freq,Cow_ID/C*/T*,Day/datetime,aggregate to daily,SAFE FEATURE,
lying,C09,sensor_data\main_data\ankle\C09\C09_0721.csv,lying,int64,high-freq,Cow_ID/C*/T*,Day/datetime,aggregate to daily,SAFE FEATURE,
lying,C10,sensor_data\main_data\ankle\C10\C10_0721.csv,lying,int64,high-freq,Cow_ID/C*/T*,Day/datetime,aggregate to daily,SAFE FEATURE,
temperature_C,cbt,sensor_data\main_data\cbt\C01.csv,temperature_C,float64,high-freq,Cow_ID/C*/T*,Day/datetime,aggregate to daily,SAFE FEATURE,
accel_x_mps2,T01,sensor_data\main_data\immu\T01\T01_0721.csv,accel_x_mps2,float64,high-freq,Cow_ID/C*/T*,Day/datetime,aggregate to daily,SAFE FEATURE,
accel_y_mps2,T01,sensor_data\main_data\immu\T01\T01_0721.csv,accel_y_mps2,float64,high-freq,Cow_ID/C*/T*,Day/datetime,aggregate to daily,SAFE FEATURE,
accel_z_mps2,T01,sensor_data\main_data\immu\T01\T01_0721.csv,accel_z_mps2,float64,high-freq,Cow_ID/C*/T*,Day/datetime,aggregate to daily,SAFE FEATURE,
mag_x_uT,T01,sensor_data\main_data\immu\T01\T01_0721.csv,mag_x_uT,float64,high-freq,Cow_ID/C*/T*,Day/datetime,aggregate to daily,SAFE FEATURE,
mag_y_uT,T01,sensor_data\main_data\immu\T01\T01_0721.csv,mag_y_uT,float64,high-freq,Cow_ID/C*/T*,Day/datetime,aggregate to daily,SAFE FEATURE,
mag_z_uT,T01,sensor_data\main_data\immu\T01\T01_0721.csv,mag_z_uT,float64,high-freq,Cow_ID/C*/T*,Day/datetime,aggregate to daily,SAFE FEATURE,
accel_x_mps2,T02,sensor_data\main_data\immu\T02\T02_0721.csv,accel_x_mps2,float64,high-freq,Cow_ID/C*/T*,Day/datetime,aggregate to daily,SAFE FEATURE,
accel_y_mps2,T02,sensor_data\main_data\immu\T02\T02_0721.csv,accel_y_mps2,float64,high-freq,Cow_ID/C*/T*,Day/datetime,aggregate to daily,SAFE FEATURE,
accel_z_mps2,T02,sensor_data\main_data\immu\T02\T02_0721.csv,accel_z_mps2,float64,high-freq,Cow_ID/C*/T*,Day/datetime,aggregate to daily,SAFE FEATURE,
mag_x_uT,T02,sensor_data\main_data\immu\T02\T02_0721.csv,mag_x_uT,float64,high-freq,Cow_ID/C*/T*,Day/datetime,aggregate to daily,SAFE FEATURE,
mag_y_uT,T02,sensor_data\main_data\immu\T02\T02_0721.csv,mag_y_uT,float64,high-freq,Cow_ID/C*/T*,Day/datetime,aggregate to daily,SAFE FEATURE,
mag_z_uT,T02,sensor_data\main_data\immu\T02\T02_0721.csv,mag_z_uT,float64,high-freq,Cow_ID/C*/T*,Day/datetime,aggregate to daily,SAFE FEATURE,
accel_x_mps2,T03,sensor_data\main_data\immu\T03\T03_0721.csv,accel_x_mps2,float64,high-freq,Cow_ID/C*/T*,Day/datetime,aggregate to daily,SAFE FEATURE,
accel_y_mps2,T03,sensor_data\main_data\immu\T03\T03_0721.csv,accel_y_mps2,float64,high-freq,Cow_ID/C*/T*,Day/datetime,aggregate to daily,SAFE FEATURE,
accel_z_mps2,T03,sensor_data\main_data\immu\T03\T03_0721.csv,accel_z_mps2,float64,high-freq,Cow_ID/C*/T*,Day/datetime,aggregate to daily,SAFE FEATURE,
mag_x_uT,T03,sensor_data\main_data\immu\T03\T03_0721.csv,mag_x_uT,float64,high-freq,Cow_ID/C*/T*,Day/datetime,aggregate to daily,SAFE FEATURE,
mag_y_uT,T03,sensor_data\main_data\immu\T03\T03_0721.csv,mag_y_uT,float64,high-freq,Cow_ID/C*/T*,Day/datetime,aggregate to daily,SAFE FEATURE,
mag_z_uT,T03,sensor_data\main_data\immu\T03\T03_0721.csv,mag_z_uT,float64,high-freq,Cow_ID/C*/T*,Day/datetime,aggregate to daily,SAFE FEATURE,
accel_x_mps2,T04,sensor_data\main_data\immu\T04\T04_0721.csv,accel_x_mps2,float64,high-freq,Cow_ID/C*/T*,Day/datetime,aggregate to daily,SAFE FEATURE,
accel_y_mps2,T04,sensor_data\main_data\immu\T04\T04_0721.csv,accel_y_mps2,float64,high-freq,Cow_ID/C*/T*,Day/datetime,aggregate to daily,SAFE FEATURE,
accel_z_mps2,T04,sensor_data\main_data\immu\T04\T04_0721.csv,accel_z_mps2,float64,high-freq,Cow_ID/C*/T*,Day/datetime,aggregate to daily,SAFE FEATURE,
mag_x_uT,T04,sensor_data\main_data\immu\T04\T04_0721.csv,mag_x_uT,float64,high-freq,Cow_ID/C*/T*,Day/datetime,aggregate to daily,SAFE FEATURE,
mag_y_uT,T04,sensor_data\main_data\immu\T04\T04_0721.csv,mag_y_uT,float64,high-freq,Cow_ID/C*/T*,Day/datetime,aggregate to daily,SAFE FEATURE,
mag_z_uT,T04,sensor_data\main_data\immu\T04\T04_0721.csv,mag_z_uT,float64,high-freq,Cow_ID/C*/T*,Day/datetime,aggregate to daily,SAFE FEATURE,
accel_x_mps2,T05,sensor_data\main_data\immu\T05\T05_0721.csv,accel_x_mps2,float64,high-freq,Cow_ID/C*/T*,Day/datetime,aggregate to daily,SAFE FEATURE,
accel_y_mps2,T05,sensor_data\main_data\immu\T05\T05_0721.csv,accel_y_mps2,float64,high-freq,Cow_ID/C*/T*,Day/datetime,aggregate to daily,SAFE FEATURE,
accel_z_mps2,T05,sensor_data\main_data\immu\T05\T05_0721.csv,accel_z_mps2,float64,high-freq,Cow_ID/C*/T*,Day/datetime,aggregate to daily,SAFE FEATURE,
mag_x_uT,T05,sensor_data\main_data\immu\T05\T05_0721.csv,mag_x_uT,float64,high-freq,Cow_ID/C*/T*,Day/datetime,aggregate to daily,SAFE FEATURE,
mag_y_uT,T05,sensor_data\main_data\immu\T05\T05_0721.csv,mag_y_uT,float64,high-freq,Cow_ID/C*/T*,Day/datetime,aggregate to daily,SAFE FEATURE,
mag_z_uT,T05,sensor_data\main_data\immu\T05\T05_0721.csv,mag_z_uT,float64,high-freq,Cow_ID/C*/T*,Day/datetime,aggregate to daily,SAFE FEATURE,
accel_x_mps2,T06,sensor_data\main_data\immu\T06\T06_0721.csv,accel_x_mps2,float64,high-freq,Cow_ID/C*/T*,Day/datetime,aggregate to daily,SAFE FEATURE,
accel_y_mps2,T06,sensor_data\main_data\immu\T06\T06_0721.csv,accel_y_mps2,float64,high-freq,Cow_ID/C*/T*,Day/datetime,aggregate to daily,SAFE FEATURE,
accel_z_mps2,T06,sensor_data\main_data\immu\T06\T06_0721.csv,accel_z_mps2,float64,high-freq,Cow_ID/C*/T*,Day/datetime,aggregate to daily,SAFE FEATURE,
mag_x_uT,T06,sensor_data\main_data\immu\T06\T06_0721.csv,mag_x_uT,float64,high-freq,Cow_ID/C*/T*,Day/datetime,aggregate to daily,SAFE FEATURE,
mag_y_uT,T06,sensor_data\main_data\immu\T06\T06_0721.csv,mag_y_uT,float64,high-freq,Cow_ID/C*/T*,Day/datetime,aggregate to daily,SAFE FEATURE,
mag_z_uT,T06,sensor_data\main_data\immu\T06\T06_0721.csv,mag_z_uT,float64,high-freq,Cow_ID/C*/T*,Day/datetime,aggregate to daily,SAFE FEATURE,
accel_x_mps2,T07,sensor_data\main_data\immu\T07\T07_0721.csv,accel_x_mps2,float64,high-freq,Cow_ID/C*/T*,Day/datetime,aggregate to daily,SAFE FEATURE,
accel_y_mps2,T07,sensor_data\main_data\immu\T07\T07_0721.csv,accel_y_mps2,float64,high-freq,Cow_ID/C*/T*,Day/datetime,aggregate to daily,SAFE FEATURE,
accel_z_mps2,T07,sensor_data\main_data\immu\T07\T07_0721.csv,accel_z_mps2,float64,high-freq,Cow_ID/C*/T*,Day/datetime,aggregate to daily,SAFE FEATURE,
mag_x_uT,T07,sensor_data\main_data\immu\T07\T07_0721.csv,mag_x_uT,float64,high-freq,Cow_ID/C*/T*,Day/datetime,aggregate to daily,SAFE FEATURE,
mag_y_uT,T07,sensor_data\main_data\immu\T07\T07_0721.csv,mag_y_uT,float64,high-freq,Cow_ID/C*/T*,Day/datetime,aggregate to daily,SAFE FEATURE,
mag_z_uT,T07,sensor_data\main_data\immu\T07\T07_0721.csv,mag_z_uT,float64,high-freq,Cow_ID/C*/T*,Day/datetime,aggregate to daily,SAFE FEATURE,
accel_x_mps2,T08,sensor_data\main_data\immu\T08\T08_0721.csv,accel_x_mps2,float64,high-freq,Cow_ID/C*/T*,Day/datetime,aggregate to daily,SAFE FEATURE,
accel_y_mps2,T08,sensor_data\main_data\immu\T08\T08_0721.csv,accel_y_mps2,float64,high-freq,Cow_ID/C*/T*,Day/datetime,aggregate to daily,SAFE FEATURE,
accel_z_mps2,T08,sensor_data\main_data\immu\T08\T08_0721.csv,accel_z_mps2,float64,high-freq,Cow_ID/C*/T*,Day/datetime,aggregate to daily,SAFE FEATURE,
mag_x_uT,T08,sensor_data\main_data\immu\T08\T08_0721.csv,mag_x_uT,float64,high-freq,Cow_ID/C*/T*,Day/datetime,aggregate to daily,SAFE FEATURE,
mag_y_uT,T08,sensor_data\main_data\immu\T08\T08_0721.csv,mag_y_uT,float64,high-freq,Cow_ID/C*/T*,Day/datetime,aggregate to daily,SAFE FEATURE,
mag_z_uT,T08,sensor_data\main_data\immu\T08\T08_0721.csv,mag_z_uT,float64,high-freq,Cow_ID/C*/T*,Day/datetime,aggregate to daily,SAFE FEATURE,
accel_x_mps2,T09,sensor_data\main_data\immu\T09\T09_0721.csv,accel_x_mps2,float64,high-freq,Cow_ID/C*/T*,Day/datetime,aggregate to daily,SAFE FEATURE,
accel_y_mps2,T09,sensor_data\main_data\immu\T09\T09_0721.csv,accel_y_mps2,float64,high-freq,Cow_ID/C*/T*,Day/datetime,aggregate to daily,SAFE FEATURE,
accel_z_mps2,T09,sensor_data\main_data\immu\T09\T09_0721.csv,accel_z_mps2,float64,high-freq,Cow_ID/C*/T*,Day/datetime,aggregate to daily,SAFE FEATURE,
mag_x_uT,T09,sensor_data\main_data\immu\T09\T09_0721.csv,mag_x_uT,float64,high-freq,Cow_ID/C*/T*,Day/datetime,aggregate to daily,SAFE FEATURE,
mag_y_uT,T09,sensor_data\main_data\immu\T09\T09_0721.csv,mag_y_uT,float64,high-freq,Cow_ID/C*/T*,Day/datetime,aggregate to daily,SAFE FEATURE,
mag_z_uT,T09,sensor_data\main_data\immu\T09\T09_0721.csv,mag_z_uT,float64,high-freq,Cow_ID/C*/T*,Day/datetime,aggregate to daily,SAFE FEATURE,
accel_x_mps2,T10,sensor_data\main_data\immu\T10\T10_0721.csv,accel_x_mps2,float64,high-freq,Cow_ID/C*/T*,Day/datetime,aggregate to daily,SAFE FEATURE,
accel_y_mps2,T10,sensor_data\main_data\immu\T10\T10_0721.csv,accel_y_mps2,float64,high-freq,Cow_ID/C*/T*,Day/datetime,aggregate to daily,SAFE FEATURE,
accel_z_mps2,T10,sensor_data\main_data\immu\T10\T10_0721.csv,accel_z_mps2,float64,high-freq,Cow_ID/C*/T*,Day/datetime,aggregate to daily,SAFE FEATURE,
mag_x_uT,T10,sensor_data\main_data\immu\T10\T10_0721.csv,mag_x_uT,float64,high-freq,Cow_ID/C*/T*,Day/datetime,aggregate to daily,SAFE FEATURE,
mag_y_uT,T10,sensor_data\main_data\immu\T10\T10_0721.csv,mag_y_uT,float64,high-freq,Cow_ID/C*/T*,Day/datetime,aggregate to daily,SAFE FEATURE,
mag_z_uT,T10,sensor_data\main_data\immu\T10\T10_0721.csv,mag_z_uT,float64,high-freq,Cow_ID/C*/T*,Day/datetime,aggregate to daily,SAFE FEATURE,
accel_x_mps2,T13,sensor_data\main_data\immu\T13\T13_0721.csv,accel_x_mps2,float64,high-freq,Cow_ID/C*/T*,Day/datetime,aggregate to daily,SAFE FEATURE,
accel_y_mps2,T13,sensor_data\main_data\immu\T13\T13_0721.csv,accel_y_mps2,float64,high-freq,Cow_ID/C*/T*,Day/datetime,aggregate to daily,SAFE FEATURE,
accel_z_mps2,T13,sensor_data\main_data\immu\T13\T13_0721.csv,accel_z_mps2,float64,high-freq,Cow_ID/C*/T*,Day/datetime,aggregate to daily,SAFE FEATURE,
mag_x_uT,T13,sensor_data\main_data\immu\T13\T13_0721.csv,mag_x_uT,float64,high-freq,Cow_ID/C*/T*,Day/datetime,aggregate to daily,SAFE FEATURE,
mag_y_uT,T13,sensor_data\main_data\immu\T13\T13_0721.csv,mag_y_uT,float64,high-freq,Cow_ID/C*/T*,Day/datetime,aggregate to daily,SAFE FEATURE,
mag_z_uT,T13,sensor_data\main_data\immu\T13\T13_0721.csv,mag_z_uT,float64,high-freq,Cow_ID/C*/T*,Day/datetime,aggregate to daily,SAFE FEATURE,
accel_x_mps2,T14,sensor_data\main_data\immu\T14\T14_0721.csv,accel_x_mps2,float64,high-freq,Cow_ID/C*/T*,Day/datetime,aggregate to daily,SAFE FEATURE,
accel_y_mps2,T14,sensor_data\main_data\immu\T14\T14_0721.csv,accel_y_mps2,float64,high-freq,Cow_ID/C*/T*,Day/datetime,aggregate to daily,SAFE FEATURE,
accel_z_mps2,T14,sensor_data\main_data\immu\T14\T14_0721.csv,accel_z_mps2,float64,high-freq,Cow_ID/C*/T*,Day/datetime,aggregate to daily,SAFE FEATURE,
mag_x_uT,T14,sensor_data\main_data\immu\T14\T14_0721.csv,mag_x_uT,float64,high-freq,Cow_ID/C*/T*,Day/datetime,aggregate to daily,SAFE FEATURE,
mag_y_uT,T14,sensor_data\main_data\immu\T14\T14_0721.csv,mag_y_uT,float64,high-freq,Cow_ID/C*/T*,Day/datetime,aggregate to daily,SAFE FEATURE,
mag_z_uT,T14,sensor_data\main_data\immu\T14\T14_0721.csv,mag_z_uT,float64,high-freq,Cow_ID/C*/T*,Day/datetime,aggregate to daily,SAFE FEATURE,
milk_weight_kg,milk,sensor_data\main_data\milk\C01.csv,milk_weight_kg,float64,high-freq,Cow_ID/C*/T*,Day/datetime,aggregate to daily,SAFE FEATURE,
DIM,milk,sensor_data\main_data\milk\C01.csv,DIM,float64,high-freq,Cow_ID/C*/T*,Day/datetime,aggregate to daily,SAFE FEATURE,
pressure_Pa,T01,sensor_data\main_data\pressure\T01\T01_0721.csv,pressure_Pa,float64,high-freq,Cow_ID/C*/T*,Day/datetime,aggregate to daily,SAFE FEATURE,
elevation_m,T01,sensor_data\main_data\pressure\T01\T01_0721.csv,elevation_m,float64,high-freq,Cow_ID/C*/T*,Day/datetime,aggregate to daily,SAFE FEATURE,
pressure_Pa,T02,sensor_data\main_data\pressure\T02\T02_0721.csv,pressure_Pa,float64,high-freq,Cow_ID/C*/T*,Day/datetime,aggregate to daily,SAFE FEATURE,
elevation_m,T02,sensor_data\main_data\pressure\T02\T02_0721.csv,elevation_m,float64,high-freq,Cow_ID/C*/T*,Day/datetime,aggregate to daily,SAFE FEATURE,
pressure_Pa,T03,sensor_data\main_data\pressure\T03\T03_0721.csv,pressure_Pa,float64,high-freq,Cow_ID/C*/T*,Day/datetime,aggregate to daily,SAFE FEATURE,
elevation_m,T03,sensor_data\main_data\pressure\T03\T03_0721.csv,elevation_m,float64,high-freq,Cow_ID/C*/T*,Day/datetime,aggregate to daily,SAFE FEATURE,
pressure_Pa,T04,sensor_data\main_data\pressure\T04\T04_0721.csv,pressure_Pa,float64,high-freq,Cow_ID/C*/T*,Day/datetime,aggregate to daily,SAFE FEATURE,
elevation_m,T04,sensor_data\main_data\pressure\T04\T04_0721.csv,elevation_m,float64,high-freq,Cow_ID/C*/T*,Day/datetime,aggregate to daily,SAFE FEATURE,
pressure_Pa,T05,sensor_data\main_data\pressure\T05\T05_0721.csv,pressure_Pa,float64,high-freq,Cow_ID/C*/T*,Day/datetime,aggregate to daily,SAFE FEATURE,
elevation_m,T05,sensor_data\main_data\pressure\T05\T05_0721.csv,elevation_m,float64,high-freq,Cow_ID/C*/T*,Day/datetime,aggregate to daily,SAFE FEATURE,
pressure_Pa,T06,sensor_data\main_data\pressure\T06\T06_0721.csv,pressure_Pa,float64,high-freq,Cow_ID/C*/T*,Day/datetime,aggregate to daily,SAFE FEATURE,
elevation_m,T06,sensor_data\main_data\pressure\T06\T06_0721.csv,elevation_m,float64,high-freq,Cow_ID/C*/T*,Day/datetime,aggregate to daily,SAFE FEATURE,
pressure_Pa,T07,sensor_data\main_data\pressure\T07\T07_0721.csv,pressure_Pa,float64,high-freq,Cow_ID/C*/T*,Day/datetime,aggregate to daily,SAFE FEATURE,
elevation_m,T07,sensor_data\main_data\pressure\T07\T07_0721.csv,elevation_m,float64,high-freq,Cow_ID/C*/T*,Day/datetime,aggregate to daily,SAFE FEATURE,
pressure_Pa,T08,sensor_data\main_data\pressure\T08\T08_0721.csv,pressure_Pa,float64,high-freq,Cow_ID/C*/T*,Day/datetime,aggregate to daily,SAFE FEATURE,
elevation_m,T08,sensor_data\main_data\pressure\T08\T08_0721.csv,elevation_m,float64,high-freq,Cow_ID/C*/T*,Day/datetime,aggregate to daily,SAFE FEATURE,
pressure_Pa,T09,sensor_data\main_data\pressure\T09\T09_0721.csv,pressure_Pa,float64,high-freq,Cow_ID/C*/T*,Day/datetime,aggregate to daily,SAFE FEATURE,
elevation_m,T09,sensor_data\main_data\pressure\T09\T09_0721.csv,elevation_m,float64,high-freq,Cow_ID/C*/T*,Day/datetime,aggregate to daily,SAFE FEATURE,
pressure_Pa,T10,sensor_data\main_data\pressure\T10\T10_0721.csv,pressure_Pa,float64,high-freq,Cow_ID/C*/T*,Day/datetime,aggregate to daily,SAFE FEATURE,
elevation_m,T10,sensor_data\main_data\pressure\T10\T10_0721.csv,elevation_m,float64,high-freq,Cow_ID/C*/T*,Day/datetime,aggregate to daily,SAFE FEATURE,
pressure_Pa,T13,sensor_data\main_data\pressure\T13\T13_0721.csv,pressure_Pa,float64,high-freq,Cow_ID/C*/T*,Day/datetime,aggregate to daily,SAFE FEATURE,
elevation_m,T13,sensor_data\main_data\pressure\T13\T13_0721.csv,elevation_m,float64,high-freq,Cow_ID/C*/T*,Day/datetime,aggregate to daily,SAFE FEATURE,
pressure_Pa,T14,sensor_data\main_data\pressure\T14\T14_0721.csv,pressure_Pa,float64,high-freq,Cow_ID/C*/T*,Day/datetime,aggregate to daily,SAFE FEATURE,
elevation_m,T14,sensor_data\main_data\pressure\T14\T14_0721.csv,elevation_m,float64,high-freq,Cow_ID/C*/T*,Day/datetime,aggregate to daily,SAFE FEATURE,
temperature_F,thi,sensor_data\main_data\thi\average.csv,temperature_F,float64,high-freq,Cow_ID/C*/T*,Day/datetime,aggregate to daily,SAFE FEATURE,
humidity_per,thi,sensor_data\main_data\thi\average.csv,humidity_per,float64,high-freq,Cow_ID/C*/T*,Day/datetime,aggregate to daily,SAFE FEATURE,
THI,thi,sensor_data\main_data\thi\average.csv,THI,float64,high-freq,Cow_ID/C*/T*,Day/datetime,aggregate to daily,SAFE FEATURE,
temperature_C,thi,sensor_data\main_data\thi\S01.csv,temperature_C,float64,high-freq,Cow_ID/C*/T*,Day/datetime,aggregate to daily,SAFE FEATURE,
coord_x_cm,T01,sensor_data\main_data\uwb\T01\T01_0721.csv,coord_x_cm,float64,high-freq,Cow_ID/C*/T*,Day/datetime,aggregate to daily,SAFE FEATURE,
coord_y_cm,T01,sensor_data\main_data\uwb\T01\T01_0721.csv,coord_y_cm,float64,high-freq,Cow_ID/C*/T*,Day/datetime,aggregate to daily,SAFE FEATURE,
coord_z_cm,T01,sensor_data\main_data\uwb\T01\T01_0721.csv,coord_z_cm,float64,high-freq,Cow_ID/C*/T*,Day/datetime,aggregate to daily,SAFE FEATURE,
coord_x_cm,T02,sensor_data\main_data\uwb\T02\T02_0721.csv,coord_x_cm,float64,high-freq,Cow_ID/C*/T*,Day/datetime,aggregate to daily,SAFE FEATURE,
coord_y_cm,T02,sensor_data\main_data\uwb\T02\T02_0721.csv,coord_y_cm,float64,high-freq,Cow_ID/C*/T*,Day/datetime,aggregate to daily,SAFE FEATURE,
coord_z_cm,T02,sensor_data\main_data\uwb\T02\T02_0721.csv,coord_z_cm,float64,high-freq,Cow_ID/C*/T*,Day/datetime,aggregate to daily,SAFE FEATURE,
coord_x_cm,T03,sensor_data\main_data\uwb\T03\T03_0721.csv,coord_x_cm,float64,high-freq,Cow_ID/C*/T*,Day/datetime,aggregate to daily,SAFE FEATURE,
coord_y_cm,T03,sensor_data\main_data\uwb\T03\T03_0721.csv,coord_y_cm,float64,high-freq,Cow_ID/C*/T*,Day/datetime,aggregate to daily,SAFE FEATURE,
coord_z_cm,T03,sensor_data\main_data\uwb\T03\T03_0721.csv,coord_z_cm,float64,high-freq,Cow_ID/C*/T*,Day/datetime,aggregate to daily,SAFE FEATURE,
coord_x_cm,T04,sensor_data\main_data\uwb\T04\T04_0721.csv,coord_x_cm,float64,high-freq,Cow_ID/C*/T*,Day/datetime,aggregate to daily,SAFE FEATURE,
coord_y_cm,T04,sensor_data\main_data\uwb\T04\T04_0721.csv,coord_y_cm,float64,high-freq,Cow_ID/C*/T*,Day/datetime,aggregate to daily,SAFE FEATURE,
coord_z_cm,T04,sensor_data\main_data\uwb\T04\T04_0721.csv,coord_z_cm,float64,high-freq,Cow_ID/C*/T*,Day/datetime,aggregate to daily,SAFE FEATURE,
coord_x_cm,T05,sensor_data\main_data\uwb\T05\T05_0721.csv,coord_x_cm,float64,high-freq,Cow_ID/C*/T*,Day/datetime,aggregate to daily,SAFE FEATURE,
coord_y_cm,T05,sensor_data\main_data\uwb\T05\T05_0721.csv,coord_y_cm,float64,high-freq,Cow_ID/C*/T*,Day/datetime,aggregate to daily,SAFE FEATURE,
coord_z_cm,T05,sensor_data\main_data\uwb\T05\T05_0721.csv,coord_z_cm,float64,high-freq,Cow_ID/C*/T*,Day/datetime,aggregate to daily,SAFE FEATURE,
coord_x_cm,T06,sensor_data\main_data\uwb\T06\T06_0721.csv,coord_x_cm,float64,high-freq,Cow_ID/C*/T*,Day/datetime,aggregate to daily,SAFE FEATURE,
coord_y_cm,T06,sensor_data\main_data\uwb\T06\T06_0721.csv,coord_y_cm,float64,high-freq,Cow_ID/C*/T*,Day/datetime,aggregate to daily,SAFE FEATURE,
coord_z_cm,T06,sensor_data\main_data\uwb\T06\T06_0721.csv,coord_z_cm,float64,high-freq,Cow_ID/C*/T*,Day/datetime,aggregate to daily,SAFE FEATURE,
coord_x_cm,T07,sensor_data\main_data\uwb\T07\T07_0721.csv,coord_x_cm,float64,high-freq,Cow_ID/C*/T*,Day/datetime,aggregate to daily,SAFE FEATURE,
coord_y_cm,T07,sensor_data\main_data\uwb\T07\T07_0721.csv,coord_y_cm,float64,high-freq,Cow_ID/C*/T*,Day/datetime,aggregate to daily,SAFE FEATURE,
coord_z_cm,T07,sensor_data\main_data\uwb\T07\T07_0721.csv,coord_z_cm,float64,high-freq,Cow_ID/C*/T*,Day/datetime,aggregate to daily,SAFE FEATURE,
coord_x_cm,T08,sensor_data\main_data\uwb\T08\T08_0721.csv,coord_x_cm,float64,high-freq,Cow_ID/C*/T*,Day/datetime,aggregate to daily,SAFE FEATURE,
coord_y_cm,T08,sensor_data\main_data\uwb\T08\T08_0721.csv,coord_y_cm,float64,high-freq,Cow_ID/C*/T*,Day/datetime,aggregate to daily,SAFE FEATURE,
coord_z_cm,T08,sensor_data\main_data\uwb\T08\T08_0721.csv,coord_z_cm,float64,high-freq,Cow_ID/C*/T*,Day/datetime,aggregate to daily,SAFE FEATURE,
coord_x_cm,T09,sensor_data\main_data\uwb\T09\T09_0721.csv,coord_x_cm,float64,high-freq,Cow_ID/C*/T*,Day/datetime,aggregate to daily,SAFE FEATURE,
coord_y_cm,T09,sensor_data\main_data\uwb\T09\T09_0721.csv,coord_y_cm,float64,high-freq,Cow_ID/C*/T*,Day/datetime,aggregate to daily,SAFE FEATURE,
coord_z_cm,T09,sensor_data\main_data\uwb\T09\T09_0721.csv,coord_z_cm,float64,high-freq,Cow_ID/C*/T*,Day/datetime,aggregate to daily,SAFE FEATURE,
coord_x_cm,T10,sensor_data\main_data\uwb\T10\T10_0721.csv,coord_x_cm,float64,high-freq,Cow_ID/C*/T*,Day/datetime,aggregate to daily,SAFE FEATURE,
coord_y_cm,T10,sensor_data\main_data\uwb\T10\T10_0721.csv,coord_y_cm,float64,high-freq,Cow_ID/C*/T*,Day/datetime,aggregate to daily,SAFE FEATURE,
coord_z_cm,T10,sensor_data\main_data\uwb\T10\T10_0721.csv,coord_z_cm,float64,high-freq,Cow_ID/C*/T*,Day/datetime,aggregate to daily,SAFE FEATURE,
coord_x_cm,T13,sensor_data\main_data\uwb\T13\T13_0721.csv,coord_x_cm,float64,high-freq,Cow_ID/C*/T*,Day/datetime,aggregate to daily,SAFE FEATURE,
coord_y_cm,T13,sensor_data\main_data\uwb\T13\T13_0721.csv,coord_y_cm,float64,high-freq,Cow_ID/C*/T*,Day/datetime,aggregate to daily,SAFE FEATURE,
coord_z_cm,T13,sensor_data\main_data\uwb\T13\T13_0721.csv,coord_z_cm,float64,high-freq,Cow_ID/C*/T*,Day/datetime,aggregate to daily,SAFE FEATURE,
coord_x_cm,T14,sensor_data\main_data\uwb\T14\T14_0721.csv,coord_x_cm,float64,high-freq,Cow_ID/C*/T*,Day/datetime,aggregate to daily,SAFE FEATURE,
coord_y_cm,T14,sensor_data\main_data\uwb\T14\T14_0721.csv,coord_y_cm,float64,high-freq,Cow_ID/C*/T*,Day/datetime,aggregate to daily,SAFE FEATURE,
coord_z_cm,T14,sensor_data\main_data\uwb\T14\T14_0721.csv,coord_z_cm,float64,high-freq,Cow_ID/C*/T*,Day/datetime,aggregate to daily,SAFE FEATURE,
Temperature,weather,sensor_data\main_data\weather\07_21_2023.xlsx,Temperature,str,high-freq,Cow_ID/C*/T*,Day/datetime,aggregate to daily,SAFE FEATURE,
Dew Point,weather,sensor_data\main_data\weather\07_21_2023.xlsx,Dew Point,str,high-freq,Cow_ID/C*/T*,Day/datetime,aggregate to daily,SAFE FEATURE,
Humidity,weather,sensor_data\main_data\weather\07_21_2023.xlsx,Humidity,str,high-freq,Cow_ID/C*/T*,Day/datetime,aggregate to daily,SAFE FEATURE,
Wind,weather,sensor_data\main_data\weather\07_21_2023.xlsx,Wind,str,high-freq,Cow_ID/C*/T*,Day/datetime,aggregate to daily,SAFE FEATURE,
Speed,weather,sensor_data\main_data\weather\07_21_2023.xlsx,Speed,str,high-freq,Cow_ID/C*/T*,Day/datetime,aggregate to daily,SAFE FEATURE,
Gust,weather,sensor_data\main_data\weather\07_21_2023.xlsx,Gust,str,high-freq,Cow_ID/C*/T*,Day/datetime,aggregate to daily,SAFE FEATURE,
Pressure,weather,sensor_data\main_data\weather\07_21_2023.xlsx,Pressure,str,high-freq,Cow_ID/C*/T*,Day/datetime,aggregate to daily,SAFE FEATURE,
Precip. Rate.,weather,sensor_data\main_data\weather\07_21_2023.xlsx,Precip. Rate.,str,high-freq,Cow_ID/C*/T*,Day/datetime,aggregate to daily,SAFE FEATURE,
Precip. Accum.,weather,sensor_data\main_data\weather\07_21_2023.xlsx,Precip. Accum.,str,high-freq,Cow_ID/C*/T*,Day/datetime,aggregate to daily,SAFE FEATURE,
UV,weather,sensor_data\main_data\weather\07_21_2023.xlsx,UV,int64,high-freq,Cow_ID/C*/T*,Day/datetime,aggregate to daily,SAFE FEATURE,
Solar,weather,sensor_data\main_data\weather\07_21_2023.xlsx,Solar,str,high-freq,Cow_ID/C*/T*,Day/datetime,aggregate to daily,SAFE FEATURE,
accel_x,ankle_accel,sensor_data\sub_data\ankle_accel\C01.csv,accel_x,float64,high-freq,Cow_ID/C*/T*,Day/datetime,aggregate to daily,SAFE FEATURE,
accel_y,ankle_accel,sensor_data\sub_data\ankle_accel\C01.csv,accel_y,float64,high-freq,Cow_ID/C*/T*,Day/datetime,aggregate to daily,SAFE FEATURE,
accel_z,ankle_accel,sensor_data\sub_data\ankle_accel\C01.csv,accel_z,float64,high-freq,Cow_ID/C*/T*,Day/datetime,aggregate to daily,SAFE FEATURE,
roll,T01,sensor_data\sub_data\head_direction\T01\T01_0721.csv,roll,float64,high-freq,Cow_ID/C*/T*,Day/datetime,aggregate to daily,SAFE FEATURE,
pitch,T01,sensor_data\sub_data\head_direction\T01\T01_0721.csv,pitch,float64,high-freq,Cow_ID/C*/T*,Day/datetime,aggregate to daily,SAFE FEATURE,
yaw,T01,sensor_data\sub_data\head_direction\T01\T01_0721.csv,yaw,float64,high-freq,Cow_ID/C*/T*,Day/datetime,aggregate to daily,SAFE FEATURE,
accel_norm,T01,sensor_data\sub_data\head_direction\T01\T01_0721.csv,accel_norm,float64,high-freq,Cow_ID/C*/T*,Day/datetime,aggregate to daily,SAFE FEATURE,
relative_angle,T01,sensor_data\sub_data\head_direction\T01\T01_0721.csv,relative_angle,float64,high-freq,Cow_ID/C*/T*,Day/datetime,aggregate to daily,SAFE FEATURE,
roll,T02,sensor_data\sub_data\head_direction\T02\T02_0721.csv,roll,float64,high-freq,Cow_ID/C*/T*,Day/datetime,aggregate to daily,SAFE FEATURE,
pitch,T02,sensor_data\sub_data\head_direction\T02\T02_0721.csv,pitch,float64,high-freq,Cow_ID/C*/T*,Day/datetime,aggregate to daily,SAFE FEATURE,
yaw,T02,sensor_data\sub_data\head_direction\T02\T02_0721.csv,yaw,float64,high-freq,Cow_ID/C*/T*,Day/datetime,aggregate to daily,SAFE FEATURE,
accel_norm,T02,sensor_data\sub_data\head_direction\T02\T02_0721.csv,accel_norm,float64,high-freq,Cow_ID/C*/T*,Day/datetime,aggregate to daily,SAFE FEATURE,
relative_angle,T02,sensor_data\sub_data\head_direction\T02\T02_0721.csv,relative_angle,float64,high-freq,Cow_ID/C*/T*,Day/datetime,aggregate to daily,SAFE FEATURE,
roll,T03,sensor_data\sub_data\head_direction\T03\T03_0721.csv,roll,float64,high-freq,Cow_ID/C*/T*,Day/datetime,aggregate to daily,SAFE FEATURE,
pitch,T03,sensor_data\sub_data\head_direction\T03\T03_0721.csv,pitch,float64,high-freq,Cow_ID/C*/T*,Day/datetime,aggregate to daily,SAFE FEATURE,
yaw,T03,sensor_data\sub_data\head_direction\T03\T03_0721.csv,yaw,float64,high-freq,Cow_ID/C*/T*,Day/datetime,aggregate to daily,SAFE FEATURE,
accel_norm,T03,sensor_data\sub_data\head_direction\T03\T03_0721.csv,accel_norm,float64,high-freq,Cow_ID/C*/T*,Day/datetime,aggregate to daily,SAFE FEATURE,
relative_angle,T03,sensor_data\sub_data\head_direction\T03\T03_0721.csv,relative_angle,float64,high-freq,Cow_ID/C*/T*,Day/datetime,aggregate to daily,SAFE FEATURE,
roll,T04,sensor_data\sub_data\head_direction\T04\T04_0721.csv,roll,float64,high-freq,Cow_ID/C*/T*,Day/datetime,aggregate to daily,SAFE FEATURE,
pitch,T04,sensor_data\sub_data\head_direction\T04\T04_0721.csv,pitch,float64,high-freq,Cow_ID/C*/T*,Day/datetime,aggregate to daily,SAFE FEATURE,
yaw,T04,sensor_data\sub_data\head_direction\T04\T04_0721.csv,yaw,float64,high-freq,Cow_ID/C*/T*,Day/datetime,aggregate to daily,SAFE FEATURE,
accel_norm,T04,sensor_data\sub_data\head_direction\T04\T04_0721.csv,accel_norm,float64,high-freq,Cow_ID/C*/T*,Day/datetime,aggregate to daily,SAFE FEATURE,
relative_angle,T04,sensor_data\sub_data\head_direction\T04\T04_0721.csv,relative_angle,float64,high-freq,Cow_ID/C*/T*,Day/datetime,aggregate to daily,SAFE FEATURE,
roll,T05,sensor_data\sub_data\head_direction\T05\T05_0721.csv,roll,float64,high-freq,Cow_ID/C*/T*,Day/datetime,aggregate to daily,SAFE FEATURE,
pitch,T05,sensor_data\sub_data\head_direction\T05\T05_0721.csv,pitch,float64,high-freq,Cow_ID/C*/T*,Day/datetime,aggregate to daily,SAFE FEATURE,
yaw,T05,sensor_data\sub_data\head_direction\T05\T05_0721.csv,yaw,float64,high-freq,Cow_ID/C*/T*,Day/datetime,aggregate to daily,SAFE FEATURE,
accel_norm,T05,sensor_data\sub_data\head_direction\T05\T05_0721.csv,accel_norm,float64,high-freq,Cow_ID/C*/T*,Day/datetime,aggregate to daily,SAFE FEATURE,
relative_angle,T05,sensor_data\sub_data\head_direction\T05\T05_0721.csv,relative_angle,float64,high-freq,Cow_ID/C*/T*,Day/datetime,aggregate to daily,SAFE FEATURE,
roll,T06,sensor_data\sub_data\head_direction\T06\T06_0721.csv,roll,float64,high-freq,Cow_ID/C*/T*,Day/datetime,aggregate to daily,SAFE FEATURE,
pitch,T06,sensor_data\sub_data\head_direction\T06\T06_0721.csv,pitch,float64,high-freq,Cow_ID/C*/T*,Day/datetime,aggregate to daily,SAFE FEATURE,
yaw,T06,sensor_data\sub_data\head_direction\T06\T06_0721.csv,yaw,float64,high-freq,Cow_ID/C*/T*,Day/datetime,aggregate to daily,SAFE FEATURE,
accel_norm,T06,sensor_data\sub_data\head_direction\T06\T06_0721.csv,accel_norm,float64,high-freq,Cow_ID/C*/T*,Day/datetime,aggregate to daily,SAFE FEATURE,
relative_angle,T06,sensor_data\sub_data\head_direction\T06\T06_0721.csv,relative_angle,float64,high-freq,Cow_ID/C*/T*,Day/datetime,aggregate to daily,SAFE FEATURE,
roll,T07,sensor_data\sub_data\head_direction\T07\T07_0721.csv,roll,float64,high-freq,Cow_ID/C*/T*,Day/datetime,aggregate to daily,SAFE FEATURE,
pitch,T07,sensor_data\sub_data\head_direction\T07\T07_0721.csv,pitch,float64,high-freq,Cow_ID/C*/T*,Day/datetime,aggregate to daily,SAFE FEATURE,
yaw,T07,sensor_data\sub_data\head_direction\T07\T07_0721.csv,yaw,float64,high-freq,Cow_ID/C*/T*,Day/datetime,aggregate to daily,SAFE FEATURE,
accel_norm,T07,sensor_data\sub_data\head_direction\T07\T07_0721.csv,accel_norm,float64,high-freq,Cow_ID/C*/T*,Day/datetime,aggregate to daily,SAFE FEATURE,
relative_angle,T07,sensor_data\sub_data\head_direction\T07\T07_0721.csv,relative_angle,float64,high-freq,Cow_ID/C*/T*,Day/datetime,aggregate to daily,SAFE FEATURE,
roll,T08,sensor_data\sub_data\head_direction\T08\T08_0721.csv,roll,float64,high-freq,Cow_ID/C*/T*,Day/datetime,aggregate to daily,SAFE FEATURE,
pitch,T08,sensor_data\sub_data\head_direction\T08\T08_0721.csv,pitch,float64,high-freq,Cow_ID/C*/T*,Day/datetime,aggregate to daily,SAFE FEATURE,
yaw,T08,sensor_data\sub_data\head_direction\T08\T08_0721.csv,yaw,float64,high-freq,Cow_ID/C*/T*,Day/datetime,aggregate to daily,SAFE FEATURE,
accel_norm,T08,sensor_data\sub_data\head_direction\T08\T08_0721.csv,accel_norm,float64,high-freq,Cow_ID/C*/T*,Day/datetime,aggregate to daily,SAFE FEATURE,
relative_angle,T08,sensor_data\sub_data\head_direction\T08\T08_0721.csv,relative_angle,float64,high-freq,Cow_ID/C*/T*,Day/datetime,aggregate to daily,SAFE FEATURE,
roll,T09,sensor_data\sub_data\head_direction\T09\T09_0721.csv,roll,float64,high-freq,Cow_ID/C*/T*,Day/datetime,aggregate to daily,SAFE FEATURE,
pitch,T09,sensor_data\sub_data\head_direction\T09\T09_0721.csv,pitch,float64,high-freq,Cow_ID/C*/T*,Day/datetime,aggregate to daily,SAFE FEATURE,
yaw,T09,sensor_data\sub_data\head_direction\T09\T09_0721.csv,yaw,float64,high-freq,Cow_ID/C*/T*,Day/datetime,aggregate to daily,SAFE FEATURE,
accel_norm,T09,sensor_data\sub_data\head_direction\T09\T09_0721.csv,accel_norm,float64,high-freq,Cow_ID/C*/T*,Day/datetime,aggregate to daily,SAFE FEATURE,
relative_angle,T09,sensor_data\sub_data\head_direction\T09\T09_0721.csv,relative_angle,float64,high-freq,Cow_ID/C*/T*,Day/datetime,aggregate to daily,SAFE FEATURE,
roll,T10,sensor_data\sub_data\head_direction\T10\T10_0721.csv,roll,float64,high-freq,Cow_ID/C*/T*,Day/datetime,aggregate to daily,SAFE FEATURE,
pitch,T10,sensor_data\sub_data\head_direction\T10\T10_0721.csv,pitch,float64,high-freq,Cow_ID/C*/T*,Day/datetime,aggregate to daily,SAFE FEATURE,
yaw,T10,sensor_data\sub_data\head_direction\T10\T10_0721.csv,yaw,float64,high-freq,Cow_ID/C*/T*,Day/datetime,aggregate to daily,SAFE FEATURE,
accel_norm,T10,sensor_data\sub_data\head_direction\T10\T10_0721.csv,accel_norm,float64,high-freq,Cow_ID/C*/T*,Day/datetime,aggregate to daily,SAFE FEATURE,
relative_angle,T10,sensor_data\sub_data\head_direction\T10\T10_0721.csv,relative_angle,float64,high-freq,Cow_ID/C*/T*,Day/datetime,aggregate to daily,SAFE FEATURE,
roll,T13,sensor_data\sub_data\head_direction\T13\T13_0721.csv,roll,float64,high-freq,Cow_ID/C*/T*,Day/datetime,aggregate to daily,SAFE FEATURE,
pitch,T13,sensor_data\sub_data\head_direction\T13\T13_0721.csv,pitch,float64,high-freq,Cow_ID/C*/T*,Day/datetime,aggregate to daily,SAFE FEATURE,
yaw,T13,sensor_data\sub_data\head_direction\T13\T13_0721.csv,yaw,float64,high-freq,Cow_ID/C*/T*,Day/datetime,aggregate to daily,SAFE FEATURE,
accel_norm,T13,sensor_data\sub_data\head_direction\T13\T13_0721.csv,accel_norm,float64,high-freq,Cow_ID/C*/T*,Day/datetime,aggregate to daily,SAFE FEATURE,
relative_angle,T13,sensor_data\sub_data\head_direction\T13\T13_0721.csv,relative_angle,float64,high-freq,Cow_ID/C*/T*,Day/datetime,aggregate to daily,SAFE FEATURE,
roll,T14,sensor_data\sub_data\head_direction\T14\T14_0721.csv,roll,float64,high-freq,Cow_ID/C*/T*,Day/datetime,aggregate to daily,SAFE FEATURE,
pitch,T14,sensor_data\sub_data\head_direction\T14\T14_0721.csv,pitch,float64,high-freq,Cow_ID/C*/T*,Day/datetime,aggregate to daily,SAFE FEATURE,
yaw,T14,sensor_data\sub_data\head_direction\T14\T14_0721.csv,yaw,float64,high-freq,Cow_ID/C*/T*,Day/datetime,aggregate to daily,SAFE FEATURE,
accel_norm,T14,sensor_data\sub_data\head_direction\T14\T14_0721.csv,accel_norm,float64,high-freq,Cow_ID/C*/T*,Day/datetime,aggregate to daily,SAFE FEATURE,
relative_angle,T14,sensor_data\sub_data\head_direction\T14\T14_0721.csv,relative_angle,float64,high-freq,Cow_ID/C*/T*,Day/datetime,aggregate to daily,SAFE FEATURE,
Event,health_records,sensor_data\sub_data\health_records\C01.csv,Event,str,high-freq,Cow_ID/C*/T*,Day/datetime,aggregate to daily,SAFE FEATURE,
Specific event,health_records,sensor_data\sub_data\health_records\C01.csv,Specific event,str,high-freq,Cow_ID/C*/T*,Day/datetime,aggregate to daily,SAFE FEATURE,
Description,health_records,sensor_data\sub_data\health_records\C01.csv,Description,str,high-freq,Cow_ID/C*/T*,Day/datetime,aggregate to daily,SAFE FEATURE,
temperature_C,neck_dev_temp,sensor_data\sub_data\neck_dev_temp\T01.csv,temperature_C,float64,high-freq,Cow_ID/C*/T*,Day/datetime,aggregate to daily,SAFE FEATURE,
anchor_id,T01,sensor_data\sub_data\uwb_distance\T01\T01_0721.csv,anchor_id,float64,high-freq,Cow_ID/C*/T*,Day/datetime,aggregate to daily,SAFE FEATURE,
distance_m,T01,sensor_data\sub_data\uwb_distance\T01\T01_0721.csv,distance_m,float64,high-freq,Cow_ID/C*/T*,Day/datetime,aggregate to daily,SAFE FEATURE,
n_samples,T01,sensor_data\sub_data\uwb_distance\T01\T01_0721.csv,n_samples,float64,high-freq,Cow_ID/C*/T*,Day/datetime,aggregate to daily,SAFE FEATURE,
LOS_probability,T01,sensor_data\sub_data\uwb_distance\T01\T01_0721.csv,LOS_probability,float64,high-freq,Cow_ID/C*/T*,Day/datetime,aggregate to daily,SAFE FEATURE,
RSSI_dBm,T01,sensor_data\sub_data\uwb_distance\T01\T01_0721.csv,RSSI_dBm,float64,high-freq,Cow_ID/C*/T*,Day/datetime,aggregate to daily,SAFE FEATURE,
anchor_id,T02,sensor_data\sub_data\uwb_distance\T02\T02_0721.csv,anchor_id,float64,high-freq,Cow_ID/C*/T*,Day/datetime,aggregate to daily,SAFE FEATURE,
distance_m,T02,sensor_data\sub_data\uwb_distance\T02\T02_0721.csv,distance_m,float64,high-freq,Cow_ID/C*/T*,Day/datetime,aggregate to daily,SAFE FEATURE,
n_samples,T02,sensor_data\sub_data\uwb_distance\T02\T02_0721.csv,n_samples,float64,high-freq,Cow_ID/C*/T*,Day/datetime,aggregate to daily,SAFE FEATURE,
LOS_probability,T02,sensor_data\sub_data\uwb_distance\T02\T02_0721.csv,LOS_probability,float64,high-freq,Cow_ID/C*/T*,Day/datetime,aggregate to daily,SAFE FEATURE,
RSSI_dBm,T02,sensor_data\sub_data\uwb_distance\T02\T02_0721.csv,RSSI_dBm,float64,high-freq,Cow_ID/C*/T*,Day/datetime,aggregate to daily,SAFE FEATURE,
anchor_id,T03,sensor_data\sub_data\uwb_distance\T03\T03_0721.csv,anchor_id,float64,high-freq,Cow_ID/C*/T*,Day/datetime,aggregate to daily,SAFE FEATURE,
distance_m,T03,sensor_data\sub_data\uwb_distance\T03\T03_0721.csv,distance_m,float64,high-freq,Cow_ID/C*/T*,Day/datetime,aggregate to daily,SAFE FEATURE,
n_samples,T03,sensor_data\sub_data\uwb_distance\T03\T03_0721.csv,n_samples,float64,high-freq,Cow_ID/C*/T*,Day/datetime,aggregate to daily,SAFE FEATURE,
LOS_probability,T03,sensor_data\sub_data\uwb_distance\T03\T03_0721.csv,LOS_probability,float64,high-freq,Cow_ID/C*/T*,Day/datetime,aggregate to daily,SAFE FEATURE,
RSSI_dBm,T03,sensor_data\sub_data\uwb_distance\T03\T03_0721.csv,RSSI_dBm,float64,high-freq,Cow_ID/C*/T*,Day/datetime,aggregate to daily,SAFE FEATURE,
anchor_id,T04,sensor_data\sub_data\uwb_distance\T04\T04_0721.csv,anchor_id,float64,high-freq,Cow_ID/C*/T*,Day/datetime,aggregate to daily,SAFE FEATURE,
distance_m,T04,sensor_data\sub_data\uwb_distance\T04\T04_0721.csv,distance_m,float64,high-freq,Cow_ID/C*/T*,Day/datetime,aggregate to daily,SAFE FEATURE,
n_samples,T04,sensor_data\sub_data\uwb_distance\T04\T04_0721.csv,n_samples,float64,high-freq,Cow_ID/C*/T*,Day/datetime,aggregate to daily,SAFE FEATURE,
LOS_probability,T04,sensor_data\sub_data\uwb_distance\T04\T04_0721.csv,LOS_probability,float64,high-freq,Cow_ID/C*/T*,Day/datetime,aggregate to daily,SAFE FEATURE,
RSSI_dBm,T04,sensor_data\sub_data\uwb_distance\T04\T04_0721.csv,RSSI_dBm,float64,high-freq,Cow_ID/C*/T*,Day/datetime,aggregate to daily,SAFE FEATURE,
anchor_id,T05,sensor_data\sub_data\uwb_distance\T05\T05_0721.csv,anchor_id,float64,high-freq,Cow_ID/C*/T*,Day/datetime,aggregate to daily,SAFE FEATURE,
distance_m,T05,sensor_data\sub_data\uwb_distance\T05\T05_0721.csv,distance_m,float64,high-freq,Cow_ID/C*/T*,Day/datetime,aggregate to daily,SAFE FEATURE,
n_samples,T05,sensor_data\sub_data\uwb_distance\T05\T05_0721.csv,n_samples,float64,high-freq,Cow_ID/C*/T*,Day/datetime,aggregate to daily,SAFE FEATURE,
LOS_probability,T05,sensor_data\sub_data\uwb_distance\T05\T05_0721.csv,LOS_probability,float64,high-freq,Cow_ID/C*/T*,Day/datetime,aggregate to daily,SAFE FEATURE,
RSSI_dBm,T05,sensor_data\sub_data\uwb_distance\T05\T05_0721.csv,RSSI_dBm,float64,high-freq,Cow_ID/C*/T*,Day/datetime,aggregate to daily,SAFE FEATURE,
anchor_id,T06,sensor_data\sub_data\uwb_distance\T06\T06_0721.csv,anchor_id,float64,high-freq,Cow_ID/C*/T*,Day/datetime,aggregate to daily,SAFE FEATURE,
distance_m,T06,sensor_data\sub_data\uwb_distance\T06\T06_0721.csv,distance_m,float64,high-freq,Cow_ID/C*/T*,Day/datetime,aggregate to daily,SAFE FEATURE,
n_samples,T06,sensor_data\sub_data\uwb_distance\T06\T06_0721.csv,n_samples,float64,high-freq,Cow_ID/C*/T*,Day/datetime,aggregate to daily,SAFE FEATURE,
LOS_probability,T06,sensor_data\sub_data\uwb_distance\T06\T06_0721.csv,LOS_probability,float64,high-freq,Cow_ID/C*/T*,Day/datetime,aggregate to daily,SAFE FEATURE,
RSSI_dBm,T06,sensor_data\sub_data\uwb_distance\T06\T06_0721.csv,RSSI_dBm,float64,high-freq,Cow_ID/C*/T*,Day/datetime,aggregate to daily,SAFE FEATURE,
anchor_id,T07,sensor_data\sub_data\uwb_distance\T07\T07_0721.csv,anchor_id,float64,high-freq,Cow_ID/C*/T*,Day/datetime,aggregate to daily,SAFE FEATURE,
distance_m,T07,sensor_data\sub_data\uwb_distance\T07\T07_0721.csv,distance_m,float64,high-freq,Cow_ID/C*/T*,Day/datetime,aggregate to daily,SAFE FEATURE,
n_samples,T07,sensor_data\sub_data\uwb_distance\T07\T07_0721.csv,n_samples,float64,high-freq,Cow_ID/C*/T*,Day/datetime,aggregate to daily,SAFE FEATURE,
LOS_probability,T07,sensor_data\sub_data\uwb_distance\T07\T07_0721.csv,LOS_probability,float64,high-freq,Cow_ID/C*/T*,Day/datetime,aggregate to daily,SAFE FEATURE,
RSSI_dBm,T07,sensor_data\sub_data\uwb_distance\T07\T07_0721.csv,RSSI_dBm,float64,high-freq,Cow_ID/C*/T*,Day/datetime,aggregate to daily,SAFE FEATURE,
anchor_id,T08,sensor_data\sub_data\uwb_distance\T08\T08_0721.csv,anchor_id,float64,high-freq,Cow_ID/C*/T*,Day/datetime,aggregate to daily,SAFE FEATURE,
distance_m,T08,sensor_data\sub_data\uwb_distance\T08\T08_0721.csv,distance_m,float64,high-freq,Cow_ID/C*/T*,Day/datetime,aggregate to daily,SAFE FEATURE,
n_samples,T08,sensor_data\sub_data\uwb_distance\T08\T08_0721.csv,n_samples,float64,high-freq,Cow_ID/C*/T*,Day/datetime,aggregate to daily,SAFE FEATURE,
LOS_probability,T08,sensor_data\sub_data\uwb_distance\T08\T08_0721.csv,LOS_probability,float64,high-freq,Cow_ID/C*/T*,Day/datetime,aggregate to daily,SAFE FEATURE,
RSSI_dBm,T08,sensor_data\sub_data\uwb_distance\T08\T08_0721.csv,RSSI_dBm,float64,high-freq,Cow_ID/C*/T*,Day/datetime,aggregate to daily,SAFE FEATURE,
anchor_id,T09,sensor_data\sub_data\uwb_distance\T09\T09_0721.csv,anchor_id,float64,high-freq,Cow_ID/C*/T*,Day/datetime,aggregate to daily,SAFE FEATURE,
distance_m,T09,sensor_data\sub_data\uwb_distance\T09\T09_0721.csv,distance_m,float64,high-freq,Cow_ID/C*/T*,Day/datetime,aggregate to daily,SAFE FEATURE,
n_samples,T09,sensor_data\sub_data\uwb_distance\T09\T09_0721.csv,n_samples,float64,high-freq,Cow_ID/C*/T*,Day/datetime,aggregate to daily,SAFE FEATURE,
LOS_probability,T09,sensor_data\sub_data\uwb_distance\T09\T09_0721.csv,LOS_probability,float64,high-freq,Cow_ID/C*/T*,Day/datetime,aggregate to daily,SAFE FEATURE,
RSSI_dBm,T09,sensor_data\sub_data\uwb_distance\T09\T09_0721.csv,RSSI_dBm,float64,high-freq,Cow_ID/C*/T*,Day/datetime,aggregate to daily,SAFE FEATURE,
anchor_id,T10,sensor_data\sub_data\uwb_distance\T10\T10_0721.csv,anchor_id,float64,high-freq,Cow_ID/C*/T*,Day/datetime,aggregate to daily,SAFE FEATURE,
distance_m,T10,sensor_data\sub_data\uwb_distance\T10\T10_0721.csv,distance_m,float64,high-freq,Cow_ID/C*/T*,Day/datetime,aggregate to daily,SAFE FEATURE,
n_samples,T10,sensor_data\sub_data\uwb_distance\T10\T10_0721.csv,n_samples,float64,high-freq,Cow_ID/C*/T*,Day/datetime,aggregate to daily,SAFE FEATURE,
LOS_probability,T10,sensor_data\sub_data\uwb_distance\T10\T10_0721.csv,LOS_probability,float64,high-freq,Cow_ID/C*/T*,Day/datetime,aggregate to daily,SAFE FEATURE,
RSSI_dBm,T10,sensor_data\sub_data\uwb_distance\T10\T10_0721.csv,RSSI_dBm,float64,high-freq,Cow_ID/C*/T*,Day/datetime,aggregate to daily,SAFE FEATURE,
anchor_id,T13,sensor_data\sub_data\uwb_distance\T13\T13_0721.csv,anchor_id,float64,high-freq,Cow_ID/C*/T*,Day/datetime,aggregate to daily,SAFE FEATURE,
distance_m,T13,sensor_data\sub_data\uwb_distance\T13\T13_0721.csv,distance_m,float64,high-freq,Cow_ID/C*/T*,Day/datetime,aggregate to daily,SAFE FEATURE,
n_samples,T13,sensor_data\sub_data\uwb_distance\T13\T13_0721.csv,n_samples,float64,high-freq,Cow_ID/C*/T*,Day/datetime,aggregate to daily,SAFE FEATURE,
LOS_probability,T13,sensor_data\sub_data\uwb_distance\T13\T13_0721.csv,LOS_probability,float64,high-freq,Cow_ID/C*/T*,Day/datetime,aggregate to daily,SAFE FEATURE,
RSSI_dBm,T13,sensor_data\sub_data\uwb_distance\T13\T13_0721.csv,RSSI_dBm,float64,high-freq,Cow_ID/C*/T*,Day/datetime,aggregate to daily,SAFE FEATURE,
anchor_id,T14,sensor_data\sub_data\uwb_distance\T14\T14_0721.csv,anchor_id,float64,high-freq,Cow_ID/C*/T*,Day/datetime,aggregate to daily,SAFE FEATURE,
distance_m,T14,sensor_data\sub_data\uwb_distance\T14\T14_0721.csv,distance_m,float64,high-freq,Cow_ID/C*/T*,Day/datetime,aggregate to daily,SAFE FEATURE,
n_samples,T14,sensor_data\sub_data\uwb_distance\T14\T14_0721.csv,n_samples,float64,high-freq,Cow_ID/C*/T*,Day/datetime,aggregate to daily,SAFE FEATURE,
LOS_probability,T14,sensor_data\sub_data\uwb_distance\T14\T14_0721.csv,LOS_probability,float64,high-freq,Cow_ID/C*/T*,Day/datetime,aggregate to daily,SAFE FEATURE,
RSSI_dBm,T14,sensor_data\sub_data\uwb_distance\T14\T14_0721.csv,RSSI_dBm,float64,high-freq,Cow_ID/C*/T*,Day/datetime,aggregate to daily,SAFE FEATURE,
loc_x_cm,C01,sensor_data\sub_data\visual_location\C01\C01_0725.csv,loc_x_cm,float64,high-freq,Cow_ID/C*/T*,Day/datetime,aggregate to daily,SAFE FEATURE,
loc_y_cm,C01,sensor_data\sub_data\visual_location\C01\C01_0725.csv,loc_y_cm,float64,high-freq,Cow_ID/C*/T*,Day/datetime,aggregate to daily,SAFE FEATURE,
loc_z_cm,C01,sensor_data\sub_data\visual_location\C01\C01_0725.csv,loc_z_cm,float64,high-freq,Cow_ID/C*/T*,Day/datetime,aggregate to daily,SAFE FEATURE,
loc_x_cm,C02,sensor_data\sub_data\visual_location\C02\C02_0725.csv,loc_x_cm,float64,high-freq,Cow_ID/C*/T*,Day/datetime,aggregate to daily,SAFE FEATURE,
loc_y_cm,C02,sensor_data\sub_data\visual_location\C02\C02_0725.csv,loc_y_cm,float64,high-freq,Cow_ID/C*/T*,Day/datetime,aggregate to daily,SAFE FEATURE,
loc_z_cm,C02,sensor_data\sub_data\visual_location\C02\C02_0725.csv,loc_z_cm,float64,high-freq,Cow_ID/C*/T*,Day/datetime,aggregate to daily,SAFE FEATURE,
loc_x_cm,C03,sensor_data\sub_data\visual_location\C03\C03_0725.csv,loc_x_cm,float64,high-freq,Cow_ID/C*/T*,Day/datetime,aggregate to daily,SAFE FEATURE,
loc_y_cm,C03,sensor_data\sub_data\visual_location\C03\C03_0725.csv,loc_y_cm,float64,high-freq,Cow_ID/C*/T*,Day/datetime,aggregate to daily,SAFE FEATURE,
loc_z_cm,C03,sensor_data\sub_data\visual_location\C03\C03_0725.csv,loc_z_cm,float64,high-freq,Cow_ID/C*/T*,Day/datetime,aggregate to daily,SAFE FEATURE,
loc_x_cm,C04,sensor_data\sub_data\visual_location\C04\C04_0725.csv,loc_x_cm,float64,high-freq,Cow_ID/C*/T*,Day/datetime,aggregate to daily,SAFE FEATURE,
loc_y_cm,C04,sensor_data\sub_data\visual_location\C04\C04_0725.csv,loc_y_cm,float64,high-freq,Cow_ID/C*/T*,Day/datetime,aggregate to daily,SAFE FEATURE,
loc_z_cm,C04,sensor_data\sub_data\visual_location\C04\C04_0725.csv,loc_z_cm,float64,high-freq,Cow_ID/C*/T*,Day/datetime,aggregate to daily,SAFE FEATURE,
loc_x_cm,C05,sensor_data\sub_data\visual_location\C05\C05_0725.csv,loc_x_cm,float64,high-freq,Cow_ID/C*/T*,Day/datetime,aggregate to daily,SAFE FEATURE,
loc_y_cm,C05,sensor_data\sub_data\visual_location\C05\C05_0725.csv,loc_y_cm,float64,high-freq,Cow_ID/C*/T*,Day/datetime,aggregate to daily,SAFE FEATURE,
loc_z_cm,C05,sensor_data\sub_data\visual_location\C05\C05_0725.csv,loc_z_cm,float64,high-freq,Cow_ID/C*/T*,Day/datetime,aggregate to daily,SAFE FEATURE,
loc_x_cm,C06,sensor_data\sub_data\visual_location\C06\C06_0725.csv,loc_x_cm,float64,high-freq,Cow_ID/C*/T*,Day/datetime,aggregate to daily,SAFE FEATURE,
loc_y_cm,C06,sensor_data\sub_data\visual_location\C06\C06_0725.csv,loc_y_cm,float64,high-freq,Cow_ID/C*/T*,Day/datetime,aggregate to daily,SAFE FEATURE,
loc_z_cm,C06,sensor_data\sub_data\visual_location\C06\C06_0725.csv,loc_z_cm,float64,high-freq,Cow_ID/C*/T*,Day/datetime,aggregate to daily,SAFE FEATURE,
loc_x_cm,C07,sensor_data\sub_data\visual_location\C07\C07_0725.csv,loc_x_cm,float64,high-freq,Cow_ID/C*/T*,Day/datetime,aggregate to daily,SAFE FEATURE,
loc_y_cm,C07,sensor_data\sub_data\visual_location\C07\C07_0725.csv,loc_y_cm,float64,high-freq,Cow_ID/C*/T*,Day/datetime,aggregate to daily,SAFE FEATURE,
loc_z_cm,C07,sensor_data\sub_data\visual_location\C07\C07_0725.csv,loc_z_cm,float64,high-freq,Cow_ID/C*/T*,Day/datetime,aggregate to daily,SAFE FEATURE,
loc_x_cm,C08,sensor_data\sub_data\visual_location\C08\C08_0725.csv,loc_x_cm,float64,high-freq,Cow_ID/C*/T*,Day/datetime,aggregate to daily,SAFE FEATURE,
loc_y_cm,C08,sensor_data\sub_data\visual_location\C08\C08_0725.csv,loc_y_cm,float64,high-freq,Cow_ID/C*/T*,Day/datetime,aggregate to daily,SAFE FEATURE,
loc_z_cm,C08,sensor_data\sub_data\visual_location\C08\C08_0725.csv,loc_z_cm,float64,high-freq,Cow_ID/C*/T*,Day/datetime,aggregate to daily,SAFE FEATURE,
loc_x_cm,C09,sensor_data\sub_data\visual_location\C09\C09_0725.csv,loc_x_cm,float64,high-freq,Cow_ID/C*/T*,Day/datetime,aggregate to daily,SAFE FEATURE,
loc_y_cm,C09,sensor_data\sub_data\visual_location\C09\C09_0725.csv,loc_y_cm,float64,high-freq,Cow_ID/C*/T*,Day/datetime,aggregate to daily,SAFE FEATURE,
loc_z_cm,C09,sensor_data\sub_data\visual_location\C09\C09_0725.csv,loc_z_cm,float64,high-freq,Cow_ID/C*/T*,Day/datetime,aggregate to daily,SAFE FEATURE,
loc_x_cm,C10,sensor_data\sub_data\visual_location\C10\C10_0725.csv,loc_x_cm,float64,high-freq,Cow_ID/C*/T*,Day/datetime,aggregate to daily,SAFE FEATURE,
loc_y_cm,C10,sensor_data\sub_data\visual_location\C10\C10_0725.csv,loc_y_cm,float64,high-freq,Cow_ID/C*/T*,Day/datetime,aggregate to daily,SAFE FEATURE,
loc_z_cm,C10,sensor_data\sub_data\visual_location\C10\C10_0725.csv,loc_z_cm,float64,high-freq,Cow_ID/C*/T*,Day/datetime,aggregate to daily,SAFE FEATURE,
loc_x_cm,C11,sensor_data\sub_data\visual_location\C11\C11_0725.csv,loc_x_cm,float64,high-freq,Cow_ID/C*/T*,Day/datetime,aggregate to daily,SAFE FEATURE,
loc_y_cm,C11,sensor_data\sub_data\visual_location\C11\C11_0725.csv,loc_y_cm,float64,high-freq,Cow_ID/C*/T*,Day/datetime,aggregate to daily,SAFE FEATURE,
loc_z_cm,C11,sensor_data\sub_data\visual_location\C11\C11_0725.csv,loc_z_cm,float64,high-freq,Cow_ID/C*/T*,Day/datetime,aggregate to daily,SAFE FEATURE,
loc_x_cm,C12,sensor_data\sub_data\visual_location\C12\C12_0725.csv,loc_x_cm,float64,high-freq,Cow_ID/C*/T*,Day/datetime,aggregate to daily,SAFE FEATURE,
loc_y_cm,C12,sensor_data\sub_data\visual_location\C12\C12_0725.csv,loc_y_cm,float64,high-freq,Cow_ID/C*/T*,Day/datetime,aggregate to daily,SAFE FEATURE,
loc_z_cm,C12,sensor_data\sub_data\visual_location\C12\C12_0725.csv,loc_z_cm,float64,high-freq,Cow_ID/C*/T*,Day/datetime,aggregate to daily,SAFE FEATURE,
loc_x_cm,C13,sensor_data\sub_data\visual_location\C13\C13_0725.csv,loc_x_cm,float64,high-freq,Cow_ID/C*/T*,Day/datetime,aggregate to daily,SAFE FEATURE,
loc_y_cm,C13,sensor_data\sub_data\visual_location\C13\C13_0725.csv,loc_y_cm,float64,high-freq,Cow_ID/C*/T*,Day/datetime,aggregate to daily,SAFE FEATURE,
loc_z_cm,C13,sensor_data\sub_data\visual_location\C13\C13_0725.csv,loc_z_cm,float64,high-freq,Cow_ID/C*/T*,Day/datetime,aggregate to daily,SAFE FEATURE,
loc_x_cm,C14,sensor_data\sub_data\visual_location\C14\C14_0725.csv,loc_x_cm,float64,high-freq,Cow_ID/C*/T*,Day/datetime,aggregate to daily,SAFE FEATURE,
loc_y_cm,C14,sensor_data\sub_data\visual_location\C14\C14_0725.csv,loc_y_cm,float64,high-freq,Cow_ID/C*/T*,Day/datetime,aggregate to daily,SAFE FEATURE,
loc_z_cm,C14,sensor_data\sub_data\visual_location\C14\C14_0725.csv,loc_z_cm,float64,high-freq,Cow_ID/C*/T*,Day/datetime,aggregate to daily,SAFE FEATURE,
loc_x_cm,C15,sensor_data\sub_data\visual_location\C15\C15_0725.csv,loc_x_cm,float64,high-freq,Cow_ID/C*/T*,Day/datetime,aggregate to daily,SAFE FEATURE,
loc_y_cm,C15,sensor_data\sub_data\visual_location\C15\C15_0725.csv,loc_y_cm,float64,high-freq,Cow_ID/C*/T*,Day/datetime,aggregate to daily,SAFE FEATURE,
loc_z_cm,C15,sensor_data\sub_data\visual_location\C15\C15_0725.csv,loc_z_cm,float64,high-freq,Cow_ID/C*/T*,Day/datetime,aggregate to daily,SAFE FEATURE,
loc_x_cm,C16,sensor_data\sub_data\visual_location\C16\C16_0725.csv,loc_x_cm,float64,high-freq,Cow_ID/C*/T*,Day/datetime,aggregate to daily,SAFE FEATURE,
loc_y_cm,C16,sensor_data\sub_data\visual_location\C16\C16_0725.csv,loc_y_cm,float64,high-freq,Cow_ID/C*/T*,Day/datetime,aggregate to daily,SAFE FEATURE,
loc_z_cm,C16,sensor_data\sub_data\visual_location\C16\C16_0725.csv,loc_z_cm,float64,high-freq,Cow_ID/C*/T*,Day/datetime,aggregate to daily,SAFE FEATURE,
