cow_id,first_positive_day,positive_days,negative_days,total_days,event_identified,notes
cow1,,0,6,6,No,
cow10,1970-01-01 00:00:00.000000001,5,1,6,Yes,
cow100,1970-01-01 00:00:00.000000001,6,0,6,Yes,
cow1000,,0,6,6,No,
cow1001,,0,6,6,No,
cow1002,,0,6,6,No,
cow1003,,0,6,6,No,
cow1004,,0,6,6,No,
cow1005,1970-01-01 00:00:00.000000001,6,0,6,Yes,
cow1006,,0,6,6,No,
cow1007,1970-01-01 00:00:00.000000001,6,0,6,Yes,
cow1008,1970-01-01 00:00:00.000000001,6,0,6,Yes,
cow1009,,0,6,6,No,
cow101,1970-01-01 00:00:00.000000001,6,0,6,Yes,
cow1010,,0,6,6,No,
cow1011,,0,6,6,No,
cow1012,,0,6,6,No,
cow1013,,0,6,6,No,
cow1014,,0,6,6,No,
cow1015,,0,6,6,No,
cow1016,,0,6,6,No,
cow1017,,0,6,6,No,
cow1018,,0,6,6,No,
cow1019,,0,6,6,No,
cow102,1970-01-01 00:00:00.000000001,6,0,6,Yes,
cow1020,,0,6,6,No,
cow1021,,0,6,6,No,
cow1022,,0,6,6,No,
cow1023,,0,6,6,No,
cow1024,,0,6,6,No,
cow1025,,0,6,6,No,
cow1026,,0,6,6,No,
cow1027,,0,6,6,No,
cow1028,,0,6,6,No,
cow1029,,0,6,6,No,
cow103,1970-01-01 00:00:00.000000001,6,0,6,Yes,
cow1030,1970-01-01 00:00:00.000000001,6,0,6,Yes,
cow1031,,0,6,6,No,
cow1032,,0,6,6,No,
cow1033,,0,6,6,No,
cow1034,,0,6,6,No,
cow1035,,0,6,6,No,
cow1036,,0,6,6,No,
cow1037,,0,6,6,No,
cow1038,,0,6,6,No,
cow1039,,0,6,6,No,
cow104,,0,6,6,No,
cow1040,,0,6,6,No,
cow1041,,0,6,6,No,
cow1042,,0,6,6,No,
cow1043,,0,6,6,No,
cow1044,1970-01-01 00:00:00.000000001,6,0,6,Yes,
cow1045,,0,6,6,No,
cow1046,,0,6,6,No,
cow1047,,0,6,6,No,
cow1048,1970-01-01 00:00:00.000000001,6,0,6,Yes,
cow1049,1970-01-01 00:00:00.000000001,6,0,6,Yes,
cow105,,0,6,6,No,
cow1050,1970-01-01 00:00:00.000000001,6,0,6,Yes,
cow1051,1970-01-01 00:00:00.000000001,6,0,6,Yes,
cow1052,,0,6,6,No,
cow1053,,0,6,6,No,
cow1054,,0,6,6,No,
cow1055,,0,6,6,No,
cow1056,,0,6,6,No,
cow1057,,0,6,6,No,
cow1058,,0,6,6,No,
cow1059,,0,6,6,No,
cow106,1970-01-01 00:00:00.000000001,6,0,6,Yes,
cow1060,,0,6,6,No,
cow1061,,0,6,6,No,
cow1062,,0,6,6,No,
cow1063,,0,6,6,No,
cow1064,,0,6,6,No,
cow1065,,0,6,6,No,
cow1066,,0,6,6,No,
cow1067,,0,6,6,No,
cow1068,1970-01-01 00:00:00.000000001,6,0,6,Yes,
cow1069,,0,6,6,No,
cow107,1970-01-01 00:00:00.000000001,6,0,6,Yes,
cow1070,,0,6,6,No,
cow1071,,0,6,6,No,
cow1072,,0,6,6,No,
cow1073,,0,6,6,No,
cow1074,,0,6,6,No,
cow1075,,0,6,6,No,
cow1076,1970-01-01 00:00:00.000000001,6,0,6,Yes,
cow1077,,0,6,6,No,
cow1078,,0,6,6,No,
cow1079,,0,6,6,No,
cow108,,0,6,6,No,
cow1080,,0,6,6,No,
cow1081,,0,6,6,No,
cow1082,,0,6,6,No,
cow1083,,0,6,6,No,
cow1084,,0,6,6,No,
cow1085,1970-01-01 00:00:00.000000001,6,0,6,Yes,
cow1086,,0,6,6,No,
cow1087,,0,6,6,No,
cow1088,1970-01-01 00:00:00.000000001,6,0,6,Yes,
cow1089,,0,6,6,No,
cow109,1970-01-01 00:00:00.000000001,6,0,6,Yes,
cow1090,,0,6,6,No,
cow1091,,0,6,6,No,
cow1092,,0,6,6,No,
cow1093,1970-01-01 00:00:00.000000001,6,0,6,Yes,
cow1094,,0,6,6,No,
cow1095,,0,6,6,No,
cow1096,,0,6,6,No,
cow1097,,0,6,6,No,
cow1098,1970-01-01 00:00:00.000000001,6,0,6,Yes,
cow1099,1970-01-01 00:00:00.000000001,6,0,6,Yes,
cow11,,0,6,6,No,
cow110,,0,6,6,No,
cow1100,1970-01-01 00:00:00.000000001,6,0,6,Yes,
cow111,1970-01-01 00:00:00.000000001,6,0,6,Yes,
cow112,1970-01-01 00:00:00.000000001,6,0,6,Yes,
cow113,1970-01-01 00:00:00.000000001,6,0,6,Yes,
cow114,1970-01-01 00:00:00.000000001,6,0,6,Yes,
cow115,1970-01-01 00:00:00.000000001,6,0,6,Yes,
cow116,1970-01-01 00:00:00.000000001,6,0,6,Yes,
cow117,1970-01-01 00:00:00.000000001,6,0,6,Yes,
cow118,1970-01-01 00:00:00.000000001,6,0,6,Yes,
cow119,1970-01-01 00:00:00.000000001,6,0,6,Yes,
cow12,1970-01-01 00:00:00.000000001,6,0,6,Yes,
cow120,,0,6,6,No,
cow121,1970-01-01 00:00:00.000000001,6,0,6,Yes,
cow122,1970-01-01 00:00:00.000000001,6,0,6,Yes,
cow123,1970-01-01 00:00:00.000000001,6,0,6,Yes,
cow124,1970-01-01 00:00:00.000000001,6,0,6,Yes,
cow125,1970-01-01 00:00:00.000000001,6,0,6,Yes,
cow126,1970-01-01 00:00:00.000000001,6,0,6,Yes,
cow127,,0,6,6,No,
cow128,1970-01-01 00:00:00.000000001,6,0,6,Yes,
cow129,,0,6,6,No,
cow13,1970-01-01 00:00:00.000000001,6,0,6,Yes,
cow130,,0,6,6,No,
cow131,1970-01-01 00:00:00.000000001,6,0,6,Yes,
cow132,1970-01-01 00:00:00.000000001,6,0,6,Yes,
cow133,1970-01-01 00:00:00.000000001,6,0,6,Yes,
cow134,,0,6,6,No,
cow135,1970-01-01 00:00:00.000000001,6,0,6,Yes,
cow136,1970-01-01 00:00:00.000000001,6,0,6,Yes,
cow137,1970-01-01 00:00:00.000000001,6,0,6,Yes,
cow138,1970-01-01 00:00:00.000000001,6,0,6,Yes,
cow139,1970-01-01 00:00:00.000000001,6,0,6,Yes,
cow14,,0,6,6,No,
cow140,,0,6,6,No,
cow141,1970-01-01 00:00:00.000000001,6,0,6,Yes,
cow142,,0,6,6,No,
cow143,,0,6,6,No,
cow144,,0,6,6,No,
cow145,1970-01-01 00:00:00.000000001,6,0,6,Yes,
cow146,,0,6,6,No,
cow147,,0,6,6,No,
cow148,1970-01-01 00:00:00.000000001,6,0,6,Yes,
cow149,1970-01-01 00:00:00.000000001,6,0,6,Yes,
cow15,1970-01-01 00:00:00.000000001,6,0,6,Yes,
cow150,1970-01-01 00:00:00.000000001,6,0,6,Yes,
cow151,,0,6,6,No,
cow152,,0,6,6,No,
cow153,1970-01-01 00:00:00.000000001,6,0,6,Yes,
cow154,1970-01-01 00:00:00.000000001,6,0,6,Yes,
cow155,1970-01-01 00:00:00.000000001,6,0,6,Yes,
cow156,1970-01-01 00:00:00.000000001,6,0,6,Yes,
cow157,,0,6,6,No,
cow158,1970-01-01 00:00:00.000000001,6,0,6,Yes,
cow159,,0,6,6,No,
cow16,,0,6,6,No,
cow160,1970-01-01 00:00:00.000000001,6,0,6,Yes,
cow161,,0,6,6,No,
cow162,1970-01-01 00:00:00.000000001,6,0,6,Yes,
cow163,,0,6,6,No,
cow164,,0,6,6,No,
cow165,1970-01-01 00:00:00.000000001,6,0,6,Yes,
cow166,1970-01-01 00:00:00.000000001,6,0,6,Yes,
cow167,1970-01-01 00:00:00.000000001,6,0,6,Yes,
cow168,1970-01-01 00:00:00.000000001,6,0,6,Yes,
cow169,1970-01-01 00:00:00.000000001,6,0,6,Yes,
cow17,1970-01-01 00:00:00.000000001,6,0,6,Yes,
cow170,1970-01-01 00:00:00.000000001,6,0,6,Yes,
cow171,1970-01-01 00:00:00.000000001,6,0,6,Yes,
cow172,1970-01-01 00:00:00.000000001,6,0,6,Yes,
cow173,1970-01-01 00:00:00.000000001,6,0,6,Yes,
cow174,1970-01-01 00:00:00.000000001,6,0,6,Yes,
cow175,1970-01-01 00:00:00.000000001,6,0,6,Yes,
cow176,1970-01-01 00:00:00.000000001,6,0,6,Yes,
cow177,,0,6,6,No,
cow178,,0,6,6,No,
cow179,1970-01-01 00:00:00.000000001,6,0,6,Yes,
cow18,1970-01-01 00:00:00.000000001,6,0,6,Yes,
cow180,1970-01-01 00:00:00.000000001,6,0,6,Yes,
cow181,1970-01-01 00:00:00.000000001,6,0,6,Yes,
cow182,1970-01-01 00:00:00.000000001,6,0,6,Yes,
cow183,,0,6,6,No,
cow184,,0,6,6,No,
cow185,1970-01-01 00:00:00.000000001,6,0,6,Yes,
cow186,1970-01-01 00:00:00.000000001,6,0,6,Yes,
cow187,1970-01-01 00:00:00.000000001,6,0,6,Yes,
cow188,1970-01-01 00:00:00.000000001,6,0,6,Yes,
cow189,1970-01-01 00:00:00.000000001,6,0,6,Yes,
cow19,1970-01-01 00:00:00.000000001,6,0,6,Yes,
cow190,1970-01-01 00:00:00.000000001,6,0,6,Yes,
cow191,1970-01-01 00:00:00.000000001,6,0,6,Yes,
cow192,1970-01-01 00:00:00.000000001,6,0,6,Yes,
cow193,,0,6,6,No,
cow194,,0,6,6,No,
cow195,,0,6,6,No,
cow196,,0,6,6,No,
cow197,1970-01-01 00:00:00.000000001,6,0,6,Yes,
cow198,,0,6,6,No,
cow199,1970-01-01 00:00:00.000000001,6,0,6,Yes,
cow2,1970-01-01 00:00:00.000000001,6,0,6,Yes,
cow20,,0,6,6,No,
cow200,,0,6,6,No,
cow201,1970-01-01 00:00:00.000000001,6,0,6,Yes,
cow202,,0,6,6,No,
cow203,,0,6,6,No,
cow204,1970-01-01 00:00:00.000000001,6,0,6,Yes,
cow205,1970-01-01 00:00:00.000000001,6,0,6,Yes,
cow206,1970-01-01 00:00:00.000000001,6,0,6,Yes,
cow207,,0,6,6,No,
cow208,,0,6,6,No,
cow209,,0,6,6,No,
cow21,1970-01-01 00:00:00.000000001,6,0,6,Yes,
cow210,,0,6,6,No,
cow211,1970-01-01 00:00:00.000000001,6,0,6,Yes,
cow212,,0,6,6,No,
cow213,1970-01-01 00:00:00.000000001,6,0,6,Yes,
cow214,,0,6,6,No,
cow215,1970-01-01 00:00:00.000000001,6,0,6,Yes,
cow216,,0,6,6,No,
cow217,,0,6,6,No,
cow218,,0,6,6,No,
cow219,1970-01-01 00:00:00.000000001,6,0,6,Yes,
cow22,,0,6,6,No,
cow220,,0,6,6,No,
cow221,,0,6,6,No,
cow222,,0,6,6,No,
cow223,,0,6,6,No,
cow224,,0,6,6,No,
cow225,,0,6,6,No,
cow226,,0,6,6,No,
cow227,,0,6,6,No,
cow228,1970-01-01 00:00:00.000000001,6,0,6,Yes,
cow229,,0,6,6,No,
cow23,1970-01-01 00:00:00.000000001,6,0,6,Yes,
cow230,1970-01-01 00:00:00.000000001,6,0,6,Yes,
cow231,,0,6,6,No,
cow232,,0,6,6,No,
cow233,1970-01-01 00:00:00.000000001,6,0,6,Yes,
cow234,1970-01-01 00:00:00.000000001,6,0,6,Yes,
cow235,1970-01-01 00:00:00.000000001,6,0,6,Yes,
cow236,1970-01-01 00:00:00.000000001,6,0,6,Yes,
cow237,,0,6,6,No,
cow238,,0,6,6,No,
cow239,,0,6,6,No,
cow24,1970-01-01 00:00:00.000000001,6,0,6,Yes,
cow240,,0,6,6,No,
cow241,,0,6,6,No,
cow242,1970-01-01 00:00:00.000000001,6,0,6,Yes,
cow243,1970-01-01 00:00:00.000000001,6,0,6,Yes,
cow244,1970-01-01 00:00:00.000000001,6,0,6,Yes,
cow245,,0,6,6,No,
cow246,1970-01-01 00:00:00.000000001,6,0,6,Yes,
cow247,,0,6,6,No,
cow248,,0,6,6,No,
cow249,,0,6,6,No,
cow25,1970-01-01 00:00:00.000000001,6,0,6,Yes,
cow250,,0,6,6,No,
cow251,1970-01-01 00:00:00.000000001,6,0,6,Yes,
cow252,,0,6,6,No,
cow253,,0,6,6,No,
cow254,,0,6,6,No,
cow255,1970-01-01 00:00:00.000000001,6,0,6,Yes,
cow256,,0,6,6,No,
cow257,1970-01-01 00:00:00.000000001,6,0,6,Yes,
cow258,1970-01-01 00:00:00.000000001,6,0,6,Yes,
cow259,1970-01-01 00:00:00.000000001,6,0,6,Yes,
cow26,,0,6,6,No,
cow260,1970-01-01 00:00:00.000000001,6,0,6,Yes,
cow261,,0,6,6,No,
cow262,,0,6,6,No,
cow263,1970-01-01 00:00:00.000000001,6,0,6,Yes,
cow264,,0,6,6,No,
cow265,,0,6,6,No,
cow266,,0,6,6,No,
cow267,,0,6,6,No,
cow268,1970-01-01 00:00:00.000000001,6,0,6,Yes,
cow269,,0,6,6,No,
cow27,1970-01-01 00:00:00.000000001,6,0,6,Yes,
cow270,,0,6,6,No,
cow271,,0,6,6,No,
cow272,,0,6,6,No,
cow273,,0,6,6,No,
cow274,,0,6,6,No,
cow275,,0,6,6,No,
cow276,1970-01-01 00:00:00.000000001,6,0,6,Yes,
cow277,,0,6,6,No,
cow278,1970-01-01 00:00:00.000000001,6,0,6,Yes,
cow279,1970-01-01 00:00:00.000000001,6,0,6,Yes,
cow28,1970-01-01 00:00:00.000000001,6,0,6,Yes,
cow280,1970-01-01 00:00:00.000000001,6,0,6,Yes,
cow281,,0,6,6,No,
cow282,,0,6,6,No,
cow283,,0,6,6,No,
cow284,,0,6,6,No,
cow285,1970-01-01 00:00:00.000000001,6,0,6,Yes,
cow286,,0,6,6,No,
cow287,1970-01-01 00:00:00.000000001,6,0,6,Yes,
cow288,,0,6,6,No,
cow289,,0,6,6,No,
cow29,,0,6,6,No,
cow290,1970-01-01 00:00:00.000000001,6,0,6,Yes,
cow291,,0,6,6,No,
cow292,,0,6,6,No,
cow293,,0,6,6,No,
cow294,1970-01-01 00:00:00.000000001,6,0,6,Yes,
cow295,1970-01-01 00:00:00.000000001,6,0,6,Yes,
cow296,1970-01-01 00:00:00.000000001,6,0,6,Yes,
cow297,1970-01-01 00:00:00.000000001,6,0,6,Yes,
cow298,1970-01-01 00:00:00.000000001,6,0,6,Yes,
cow299,1970-01-01 00:00:00.000000001,6,0,6,Yes,
cow3,1970-01-01 00:00:00.000000001,6,0,6,Yes,
cow30,,0,6,6,No,
cow300,1970-01-01 00:00:00.000000001,6,0,6,Yes,
cow301,,0,6,6,No,
cow302,,0,6,6,No,
cow303,,0,6,6,No,
cow304,1970-01-01 00:00:00.000000001,6,0,6,Yes,
cow305,,0,6,6,No,
cow306,1970-01-01 00:00:00.000000001,6,0,6,Yes,
cow307,,0,6,6,No,
cow308,1970-01-01 00:00:00.000000001,6,0,6,Yes,
cow309,1970-01-01 00:00:00.000000001,6,0,6,Yes,
cow31,,0,6,6,No,
cow310,1970-01-01 00:00:00.000000001,6,0,6,Yes,
cow311,,0,6,6,No,
cow312,1970-01-01 00:00:00.000000001,6,0,6,Yes,
cow313,1970-01-01 00:00:00.000000001,6,0,6,Yes,
cow314,1970-01-01 00:00:00.000000001,6,0,6,Yes,
cow315,1970-01-01 00:00:00.000000001,6,0,6,Yes,
cow316,,0,6,6,No,
cow317,,0,6,6,No,
cow318,,0,6,6,No,
cow319,1970-01-01 00:00:00.000000001,6,0,6,Yes,
cow32,1970-01-01 00:00:00.000000001,6,0,6,Yes,
cow320,,0,6,6,No,
cow321,1970-01-01 00:00:00.000000001,6,0,6,Yes,
cow322,1970-01-01 00:00:00.000000001,6,0,6,Yes,
cow323,,0,6,6,No,
cow324,1970-01-01 00:00:00.000000001,6,0,6,Yes,
cow325,,0,6,6,No,
cow326,,0,6,6,No,
cow327,1970-01-01 00:00:00.000000001,6,0,6,Yes,
cow328,,0,6,6,No,
cow329,1970-01-01 00:00:00.000000001,6,0,6,Yes,
cow33,,0,6,6,No,
cow330,,0,6,6,No,
cow331,,0,6,6,No,
cow332,,0,6,6,No,
cow333,1970-01-01 00:00:00.000000001,6,0,6,Yes,
cow334,,0,6,6,No,
cow335,,0,6,6,No,
cow336,,0,6,6,No,
cow337,1970-01-01 00:00:00.000000001,6,0,6,Yes,
cow338,,0,6,6,No,
cow339,1970-01-01 00:00:00.000000001,6,0,6,Yes,
cow34,1970-01-01 00:00:00.000000001,6,0,6,Yes,
cow340,1970-01-01 00:00:00.000000001,6,0,6,Yes,
cow341,1970-01-01 00:00:00.000000001,6,0,6,Yes,
cow342,1970-01-01 00:00:00.000000001,6,0,6,Yes,
cow343,1970-01-01 00:00:00.000000001,6,0,6,Yes,
cow344,1970-01-01 00:00:00.000000001,6,0,6,Yes,
cow345,1970-01-01 00:00:00.000000001,6,0,6,Yes,
cow346,1970-01-01 00:00:00.000000001,6,0,6,Yes,
cow347,,0,6,6,No,
cow348,1970-01-01 00:00:00.000000001,6,0,6,Yes,
cow349,,0,6,6,No,
cow35,1970-01-01 00:00:00.000000001,6,0,6,Yes,
cow350,,0,6,6,No,
cow351,,0,6,6,No,
cow352,1970-01-01 00:00:00.000000001,6,0,6,Yes,
cow353,1970-01-01 00:00:00.000000001,6,0,6,Yes,
cow354,1970-01-01 00:00:00.000000001,6,0,6,Yes,
cow355,,0,6,6,No,
cow356,1970-01-01 00:00:00.000000001,6,0,6,Yes,
cow357,1970-01-01 00:00:00.000000001,6,0,6,Yes,
cow358,1970-01-01 00:00:00.000000001,6,0,6,Yes,
cow359,1970-01-01 00:00:00.000000001,6,0,6,Yes,
cow36,1970-01-01 00:00:00.000000001,6,0,6,Yes,
cow360,1970-01-01 00:00:00.000000001,6,0,6,Yes,
cow361,1970-01-01 00:00:00.000000001,6,0,6,Yes,
cow362,1970-01-01 00:00:00.000000001,6,0,6,Yes,
cow363,,0,6,6,No,
cow364,1970-01-01 00:00:00.000000001,6,0,6,Yes,
cow365,,0,6,6,No,
cow366,,0,6,6,No,
cow367,1970-01-01 00:00:00.000000001,6,0,6,Yes,
cow368,1970-01-01 00:00:00.000000001,6,0,6,Yes,
cow369,1970-01-01 00:00:00.000000001,6,0,6,Yes,
cow37,,0,6,6,No,
cow370,,0,6,6,No,
cow371,,0,6,6,No,
cow372,,0,6,6,No,
cow373,1970-01-01 00:00:00.000000001,6,0,6,Yes,
cow374,,0,6,6,No,
cow375,,0,6,6,No,
cow376,,0,6,6,No,
cow377,,0,6,6,No,
cow378,1970-01-01 00:00:00.000000001,6,0,6,Yes,
cow379,,0,6,6,No,
cow38,,0,6,6,No,
cow380,,0,6,6,No,
cow381,,0,6,6,No,
cow382,,0,6,6,No,
cow383,,0,6,6,No,
cow384,,0,6,6,No,
cow385,1970-01-01 00:00:00.000000001,6,0,6,Yes,
cow386,,0,6,6,No,
cow387,,0,6,6,No,
cow388,1970-01-01 00:00:00.000000001,6,0,6,Yes,
cow389,1970-01-01 00:00:00.000000001,6,0,6,Yes,
cow39,1970-01-01 00:00:00.000000001,6,0,6,Yes,
cow390,1970-01-01 00:00:00.000000001,6,0,6,Yes,
cow391,,0,6,6,No,
cow392,,0,6,6,No,
cow393,,0,6,6,No,
cow394,1970-01-01 00:00:00.000000001,6,0,6,Yes,
cow395,,0,6,6,No,
cow396,1970-01-01 00:00:00.000000001,6,0,6,Yes,
cow397,1970-01-01 00:00:00.000000001,6,0,6,Yes,
cow398,,0,6,6,No,
cow399,1970-01-01 00:00:00.000000001,6,0,6,Yes,
cow4,,0,6,6,No,
cow40,,0,6,6,No,
cow400,,0,6,6,No,
cow401,,0,6,6,No,
cow402,,0,6,6,No,
cow403,,0,6,6,No,
cow404,1970-01-01 00:00:00.000000001,6,0,6,Yes,
cow405,1970-01-01 00:00:00.000000001,6,0,6,Yes,
cow406,,0,6,6,No,
cow407,1970-01-01 00:00:00.000000001,6,0,6,Yes,
cow408,,0,6,6,No,
cow409,,0,6,6,No,
cow41,,0,6,6,No,
cow410,,0,6,6,No,
cow411,1970-01-01 00:00:00.000000001,6,0,6,Yes,
cow412,,0,6,6,No,
cow413,,0,6,6,No,
cow414,,0,6,6,No,
cow415,,0,6,6,No,
cow416,1970-01-01 00:00:00.000000001,6,0,6,Yes,
cow417,,0,6,6,No,
cow418,,0,6,6,No,
cow419,,0,6,6,No,
cow42,,0,6,6,No,
cow420,1970-01-01 00:00:00.000000001,6,0,6,Yes,
cow421,1970-01-01 00:00:00.000000001,6,0,6,Yes,
cow422,1970-01-01 00:00:00.000000001,6,0,6,Yes,
cow423,1970-01-01 00:00:00.000000001,6,0,6,Yes,
cow424,,0,6,6,No,
cow425,1970-01-01 00:00:00.000000001,6,0,6,Yes,
cow426,,0,6,6,No,
cow427,1970-01-01 00:00:00.000000001,6,0,6,Yes,
cow428,1970-01-01 00:00:00.000000001,6,0,6,Yes,
cow429,,0,6,6,No,
cow43,,0,6,6,No,
cow430,,0,6,6,No,
cow431,1970-01-01 00:00:00.000000001,6,0,6,Yes,
cow432,,0,6,6,No,
cow433,,0,6,6,No,
cow434,,0,6,6,No,
cow435,,0,6,6,No,
cow436,,0,6,6,No,
cow437,,0,6,6,No,
cow438,,0,6,6,No,
cow439,,0,6,6,No,
cow44,,0,6,6,No,
cow440,,0,6,6,No,
cow441,1970-01-01 00:00:00.000000001,6,0,6,Yes,
cow442,,0,6,6,No,
cow443,,0,6,6,No,
cow444,,0,6,6,No,
cow445,,0,6,6,No,
cow446,1970-01-01 00:00:00.000000001,6,0,6,Yes,
cow447,,0,6,6,No,
cow448,,0,6,6,No,
cow449,,0,6,6,No,
cow45,,0,6,6,No,
cow450,1970-01-01 00:00:00.000000001,6,0,6,Yes,
cow451,,0,6,6,No,
cow452,,0,6,6,No,
cow453,,0,6,6,No,
cow454,,0,6,6,No,
cow455,1970-01-01 00:00:00.000000001,6,0,6,Yes,
cow456,,0,6,6,No,
cow457,,0,6,6,No,
cow458,,0,6,6,No,
cow459,,0,6,6,No,
cow46,1970-01-01 00:00:00.000000001,6,0,6,Yes,
cow460,1970-01-01 00:00:00.000000001,6,0,6,Yes,
cow461,1970-01-01 00:00:00.000000001,6,0,6,Yes,
cow462,1970-01-01 00:00:00.000000001,6,0,6,Yes,
cow463,1970-01-01 00:00:00.000000001,6,0,6,Yes,
cow464,,0,6,6,No,
cow465,,0,6,6,No,
cow466,,0,6,6,No,
cow467,1970-01-01 00:00:00.000000001,6,0,6,Yes,
cow468,,0,6,6,No,
cow469,,0,6,6,No,
cow47,1970-01-01 00:00:00.000000001,6,0,6,Yes,
cow470,,0,6,6,No,
cow471,,0,6,6,No,
cow472,1970-01-01 00:00:00.000000001,6,0,6,Yes,
cow473,,0,6,6,No,
cow474,,0,6,6,No,
cow475,1970-01-01 00:00:00.000000001,6,0,6,Yes,
cow476,1970-01-01 00:00:00.000000001,6,0,6,Yes,
cow477,1970-01-01 00:00:00.000000001,6,0,6,Yes,
cow478,1970-01-01 00:00:00.000000001,6,0,6,Yes,
cow479,1970-01-01 00:00:00.000000001,6,0,6,Yes,
cow48,,0,6,6,No,
cow480,1970-01-01 00:00:00.000000001,6,0,6,Yes,
cow481,,0,6,6,No,
cow482,,0,6,6,No,
cow483,,0,6,6,No,
cow484,1970-01-01 00:00:00.000000001,6,0,6,Yes,
cow485,,0,6,6,No,
cow486,1970-01-01 00:00:00.000000001,6,0,6,Yes,
cow487,1970-01-01 00:00:00.000000001,6,0,6,Yes,
cow488,,0,6,6,No,
cow489,1970-01-01 00:00:00.000000001,6,0,6,Yes,
cow49,,0,6,6,No,
cow490,,0,6,6,No,
cow491,,0,6,6,No,
cow492,1970-01-01 00:00:00.000000001,6,0,6,Yes,
cow493,1970-01-01 00:00:00.000000001,6,0,6,Yes,
cow494,1970-01-01 00:00:00.000000001,6,0,6,Yes,
cow495,1970-01-01 00:00:00.000000001,6,0,6,Yes,
cow496,1970-01-01 00:00:00.000000001,6,0,6,Yes,
cow497,,0,6,6,No,
cow498,1970-01-01 00:00:00.000000001,6,0,6,Yes,
cow499,,0,6,6,No,
cow5,1970-01-01 00:00:00.000000001,6,0,6,Yes,
cow50,1970-01-01 00:00:00.000000001,6,0,6,Yes,
cow500,,0,6,6,No,
cow501,,0,6,6,No,
cow502,,0,6,6,No,
cow503,,0,6,6,No,
cow504,1970-01-01 00:00:00.000000001,6,0,6,Yes,
cow505,,0,6,6,No,
cow506,,0,6,6,No,
cow507,,0,6,6,No,
cow508,,0,6,6,No,
cow509,,0,6,6,No,
cow51,1970-01-01 00:00:00.000000001,6,0,6,Yes,
cow510,1970-01-01 00:00:00.000000001,6,0,6,Yes,
cow511,1970-01-01 00:00:00.000000001,6,0,6,Yes,
cow512,1970-01-01 00:00:00.000000001,6,0,6,Yes,
cow513,1970-01-01 00:00:00.000000001,6,0,6,Yes,
cow514,1970-01-01 00:00:00.000000001,6,0,6,Yes,
cow515,,0,6,6,No,
cow516,,0,6,6,No,
cow517,,0,6,6,No,
cow518,,0,6,6,No,
cow519,1970-01-01 00:00:00.000000001,6,0,6,Yes,
cow52,1970-01-01 00:00:00.000000001,6,0,6,Yes,
cow520,,0,6,6,No,
cow521,,0,6,6,No,
cow522,,0,6,6,No,
cow523,1970-01-01 00:00:00.000000001,6,0,6,Yes,
cow524,,0,6,6,No,
cow525,,0,6,6,No,
cow526,,0,6,6,No,
cow527,,0,6,6,No,
cow528,1970-01-01 00:00:00.000000001,6,0,6,Yes,
cow529,,0,6,6,No,
cow53,1970-01-01 00:00:00.000000001,6,0,6,Yes,
cow530,,0,6,6,No,
cow531,,0,6,6,No,
cow532,,0,6,6,No,
cow533,1970-01-01 00:00:00.000000001,6,0,6,Yes,
cow534,,0,6,6,No,
cow535,,0,6,6,No,
cow536,,0,6,6,No,
cow537,1970-01-01 00:00:00.000000001,6,0,6,Yes,
cow538,,0,6,6,No,
cow539,,0,6,6,No,
cow54,,0,6,6,No,
cow540,,0,6,6,No,
cow541,1970-01-01 00:00:00.000000001,6,0,6,Yes,
cow542,,0,6,6,No,
cow543,,0,6,6,No,
cow544,,0,6,6,No,
cow545,,0,6,6,No,
cow546,1970-01-01 00:00:00.000000001,6,0,6,Yes,
cow547,1970-01-01 00:00:00.000000001,6,0,6,Yes,
cow548,1970-01-01 00:00:00.000000001,6,0,6,Yes,
cow549,1970-01-01 00:00:00.000000001,6,0,6,Yes,
cow55,1970-01-01 00:00:00.000000001,6,0,6,Yes,
cow550,1970-01-01 00:00:00.000000001,6,0,6,Yes,
cow551,1970-01-01 00:00:00.000000001,6,0,6,Yes,
cow552,1970-01-01 00:00:00.000000001,6,0,6,Yes,
cow553,,0,6,6,No,
cow554,,0,6,6,No,
cow555,,0,6,6,No,
cow556,,0,6,6,No,
cow557,,0,6,6,No,
cow558,1970-01-01 00:00:00.000000001,6,0,6,Yes,
cow559,,0,6,6,No,
cow56,1970-01-01 00:00:00.000000001,6,0,6,Yes,
cow560,,0,6,6,No,
cow561,,0,6,6,No,
cow562,,0,6,6,No,
cow563,,0,6,6,No,
cow564,,0,6,6,No,
cow565,,0,6,6,No,
cow566,,0,6,6,No,
cow567,,0,6,6,No,
cow568,1970-01-01 00:00:00.000000001,6,0,6,Yes,
cow569,,0,6,6,No,
cow57,1970-01-01 00:00:00.000000001,6,0,6,Yes,
cow570,,0,6,6,No,
cow571,1970-01-01 00:00:00.000000001,6,0,6,Yes,
cow572,1970-01-01 00:00:00.000000001,6,0,6,Yes,
cow573,1970-01-01 00:00:00.000000001,6,0,6,Yes,
cow574,,0,6,6,No,
cow575,1970-01-01 00:00:00.000000001,6,0,6,Yes,
cow576,1970-01-01 00:00:00.000000001,6,0,6,Yes,
cow577,1970-01-01 00:00:00.000000001,6,0,6,Yes,
cow578,1970-01-01 00:00:00.000000001,6,0,6,Yes,
cow579,1970-01-01 00:00:00.000000001,6,0,6,Yes,
cow58,1970-01-01 00:00:00.000000001,6,0,6,Yes,
cow580,1970-01-01 00:00:00.000000001,6,0,6,Yes,
cow581,1970-01-01 00:00:00.000000001,6,0,6,Yes,
cow582,1970-01-01 00:00:00.000000001,6,0,6,Yes,
cow583,,0,6,6,No,
cow584,,0,6,6,No,
cow585,1970-01-01 00:00:00.000000001,6,0,6,Yes,
cow586,,0,6,6,No,
cow587,,0,6,6,No,
cow588,,0,6,6,No,
cow589,,0,6,6,No,
cow59,1970-01-01 00:00:00.000000001,6,0,6,Yes,
cow590,1970-01-01 00:00:00.000000001,6,0,6,Yes,
cow591,,0,6,6,No,
cow592,,0,6,6,No,
cow593,,0,6,6,No,
cow594,,0,6,6,No,
cow595,,0,6,6,No,
cow596,,0,6,6,No,
cow597,,0,6,6,No,
cow598,1970-01-01 00:00:00.000000001,6,0,6,Yes,
cow599,,0,6,6,No,
cow6,,0,6,6,No,
cow60,1970-01-01 00:00:00.000000001,6,0,6,Yes,
cow600,,0,6,6,No,
cow601,,0,6,6,No,
cow602,1970-01-01 00:00:00.000000001,6,0,6,Yes,
cow603,,0,6,6,No,
cow604,,0,6,6,No,
cow605,,0,6,6,No,
cow606,,0,6,6,No,
cow607,1970-01-01 00:00:00.000000001,6,0,6,Yes,
cow608,,0,6,6,No,
cow609,,0,6,6,No,
cow61,1970-01-01 00:00:00.000000001,6,0,6,Yes,
cow610,,0,6,6,No,
cow611,,0,6,6,No,
cow612,,0,6,6,No,
cow613,,0,6,6,No,
cow614,,0,6,6,No,
cow615,,0,6,6,No,
cow616,1970-01-01 00:00:00.000000001,6,0,6,Yes,
cow617,,0,6,6,No,
cow618,,0,6,6,No,
cow619,,0,6,6,No,
cow62,1970-01-01 00:00:00.000000001,6,0,6,Yes,
cow620,,0,6,6,No,
cow621,,0,6,6,No,
cow622,1970-01-01 00:00:00.000000001,6,0,6,Yes,
cow623,,0,6,6,No,
cow624,1970-01-01 00:00:00.000000001,6,0,6,Yes,
cow625,1970-01-01 00:00:00.000000001,6,0,6,Yes,
cow626,1970-01-01 00:00:00.000000001,6,0,6,Yes,
cow627,1970-01-01 00:00:00.000000001,6,0,6,Yes,
cow628,1970-01-01 00:00:00.000000001,6,0,6,Yes,
cow629,1970-01-01 00:00:00.000000001,6,0,6,Yes,
cow63,1970-01-01 00:00:00.000000001,6,0,6,Yes,
cow630,1970-01-01 00:00:00.000000001,6,0,6,Yes,
cow631,1970-01-01 00:00:00.000000001,6,0,6,Yes,
cow632,1970-01-01 00:00:00.000000001,6,0,6,Yes,
cow633,,0,6,6,No,
cow634,,0,6,6,No,
cow635,,0,6,6,No,
cow636,,0,6,6,No,
cow637,1970-01-01 00:00:00.000000001,6,0,6,Yes,
cow638,,0,6,6,No,
cow639,,0,6,6,No,
cow64,,0,6,6,No,
cow640,,0,6,6,No,
cow641,1970-01-01 00:00:00.000000001,6,0,6,Yes,
cow642,,0,6,6,No,
cow643,,0,6,6,No,
cow644,,0,6,6,No,
cow645,,0,6,6,No,
cow646,1970-01-01 00:00:00.000000001,6,0,6,Yes,
cow647,,0,6,6,No,
cow648,1970-01-01 00:00:00.000000001,6,0,6,Yes,
cow649,1970-01-01 00:00:00.000000001,6,0,6,Yes,
cow65,,0,6,6,No,
cow650,1970-01-01 00:00:00.000000001,6,0,6,Yes,
cow651,1970-01-01 00:00:00.000000001,6,0,6,Yes,
cow652,,0,6,6,No,
cow653,,0,6,6,No,
cow654,,0,6,6,No,
cow655,1970-01-01 00:00:00.000000001,6,0,6,Yes,
cow656,,0,6,6,No,
cow657,,0,6,6,No,
cow658,,0,6,6,No,
cow659,1970-01-01 00:00:00.000000001,6,0,6,Yes,
cow66,,0,6,6,No,
cow660,,0,6,6,No,
cow661,1970-01-01 00:00:00.000000001,6,0,6,Yes,
cow662,1970-01-01 00:00:00.000000001,6,0,6,Yes,
cow663,1970-01-01 00:00:00.000000001,6,0,6,Yes,
cow664,1970-01-01 00:00:00.000000001,6,0,6,Yes,
cow665,1970-01-01 00:00:00.000000001,6,0,6,Yes,
cow666,1970-01-01 00:00:00.000000001,6,0,6,Yes,
cow667,1970-01-01 00:00:00.000000001,6,0,6,Yes,
cow668,1970-01-01 00:00:00.000000001,6,0,6,Yes,
cow669,1970-01-01 00:00:00.000000001,6,0,6,Yes,
cow67,,0,6,6,No,
cow670,1970-01-01 00:00:00.000000001,6,0,6,Yes,
cow671,,0,6,6,No,
cow672,,0,6,6,No,
cow673,,0,6,6,No,
cow674,,0,6,6,No,
cow675,,0,6,6,No,
cow676,1970-01-01 00:00:00.000000001,6,0,6,Yes,
cow677,,0,6,6,No,
cow678,,0,6,6,No,
cow679,,0,6,6,No,
cow68,1970-01-01 00:00:00.000000001,6,0,6,Yes,
cow680,,0,6,6,No,
cow681,,0,6,6,No,
cow682,,0,6,6,No,
cow683,,0,6,6,No,
cow684,,0,6,6,No,
cow685,,0,6,6,No,
cow686,1970-01-01 00:00:00.000000001,6,0,6,Yes,
cow687,,0,6,6,No,
cow688,,0,6,6,No,
cow689,,0,6,6,No,
cow69,,0,6,6,No,
cow690,,0,6,6,No,
cow691,1970-01-01 00:00:00.000000001,6,0,6,Yes,
cow692,,0,6,6,No,
cow693,,0,6,6,No,
cow694,,0,6,6,No,
cow695,1970-01-01 00:00:00.000000001,6,0,6,Yes,
cow696,,0,6,6,No,
cow697,,0,6,6,No,
cow698,,0,6,6,No,
cow699,,0,6,6,No,
cow7,1970-01-01 00:00:00.000000001,6,0,6,Yes,
cow70,1970-01-01 00:00:00.000000001,6,0,6,Yes,
cow700,1970-01-01 00:00:00.000000001,6,0,6,Yes,
cow701,,0,6,6,No,
cow702,,0,6,6,No,
cow703,1970-01-01 00:00:00.000000001,6,0,6,Yes,
cow704,,0,6,6,No,
cow705,,0,6,6,No,
cow706,,0,6,6,No,
cow707,1970-01-01 00:00:00.000000001,6,0,6,Yes,
cow708,1970-01-01 00:00:00.000000001,6,0,6,Yes,
cow709,1970-01-01 00:00:00.000000001,6,0,6,Yes,
cow71,1970-01-01 00:00:00.000000001,6,0,6,Yes,
cow710,1970-01-01 00:00:00.000000001,6,0,6,Yes,
cow711,1970-01-01 00:00:00.000000001,6,0,6,Yes,
cow712,1970-01-01 00:00:00.000000001,6,0,6,Yes,
cow713,,0,6,6,No,
cow714,,0,6,6,No,
cow715,,0,6,6,No,
cow716,,0,6,6,No,
cow717,,0,6,6,No,
cow718,1970-01-01 00:00:00.000000001,6,0,6,Yes,
cow719,,0,6,6,No,
cow72,1970-01-01 00:00:00.000000001,6,0,6,Yes,
cow720,,0,6,6,No,
cow721,,0,6,6,No,
cow722,,0,6,6,No,
cow723,,0,6,6,No,
cow724,1970-01-01 00:00:00.000000001,6,0,6,Yes,
cow725,,0,6,6,No,
cow726,,0,6,6,No,
cow727,,0,6,6,No,
cow728,,0,6,6,No,
cow729,,0,6,6,No,
cow73,,0,6,6,No,
cow730,,0,6,6,No,
cow731,,0,6,6,No,
cow732,,0,6,6,No,
cow733,,0,6,6,No,
cow734,1970-01-01 00:00:00.000000001,6,0,6,Yes,
cow735,,0,6,6,No,
cow736,1970-01-01 00:00:00.000000001,6,0,6,Yes,
cow737,1970-01-01 00:00:00.000000001,6,0,6,Yes,
cow738,1970-01-01 00:00:00.000000001,6,0,6,Yes,
cow739,1970-01-01 00:00:00.000000001,6,0,6,Yes,
cow74,,0,6,6,No,
cow740,,0,6,6,No,
cow741,,0,6,6,No,
cow742,,0,6,6,No,
cow743,1970-01-01 00:00:00.000000001,6,0,6,Yes,
cow744,,0,6,6,No,
cow745,,0,6,6,No,
cow746,,0,6,6,No,
cow747,,0,6,6,No,
cow748,1970-01-01 00:00:00.000000001,6,0,6,Yes,
cow749,,0,6,6,No,
cow75,1970-01-01 00:00:00.000000001,6,0,6,Yes,
cow750,,0,6,6,No,
cow751,,0,6,6,No,
cow752,,0,6,6,No,
cow753,,0,6,6,No,
cow754,,0,6,6,No,
cow755,,0,6,6,No,
cow756,1970-01-01 00:00:00.000000001,6,0,6,Yes,
cow757,,0,6,6,No,
cow758,,0,6,6,No,
cow759,,0,6,6,No,
cow76,1970-01-01 00:00:00.000000001,6,0,6,Yes,
cow760,1970-01-01 00:00:00.000000001,6,0,6,Yes,
cow761,,0,6,6,No,
cow762,,0,6,6,No,
cow763,,0,6,6,No,
cow764,,0,6,6,No,
cow765,1970-01-01 00:00:00.000000001,6,0,6,Yes,
cow766,,0,6,6,No,
cow767,,0,6,6,No,
cow768,,0,6,6,No,
cow769,,0,6,6,No,
cow77,1970-01-01 00:00:00.000000001,6,0,6,Yes,
cow770,,0,6,6,No,
cow771,,0,6,6,No,
cow772,,0,6,6,No,
cow773,,0,6,6,No,
cow774,1970-01-01 00:00:00.000000001,6,0,6,Yes,
cow775,,0,6,6,No,
cow776,,0,6,6,No,
cow777,,0,6,6,No,
cow778,,0,6,6,No,
cow779,,0,6,6,No,
cow78,1970-01-01 00:00:00.000000001,6,0,6,Yes,
cow780,1970-01-01 00:00:00.000000001,6,0,6,Yes,
cow781,,0,6,6,No,
cow782,,0,6,6,No,
cow783,,0,6,6,No,
cow784,,0,6,6,No,
cow785,,0,6,6,No,
cow786,,0,6,6,No,
cow787,,0,6,6,No,
cow788,1970-01-01 00:00:00.000000001,6,0,6,Yes,
cow789,1970-01-01 00:00:00.000000001,6,0,6,Yes,
cow79,1970-01-01 00:00:00.000000001,6,0,6,Yes,
cow790,1970-01-01 00:00:00.000000001,6,0,6,Yes,
cow791,,0,6,6,No,
cow792,,0,6,6,No,
cow793,,0,6,6,No,
cow794,,0,6,6,No,
cow795,1970-01-01 00:00:00.000000001,6,0,6,Yes,
cow796,,0,6,6,No,
cow797,,0,6,6,No,
cow798,,0,6,6,No,
cow799,1970-01-01 00:00:00.000000001,6,0,6,Yes,
cow8,,0,6,6,No,
cow80,1970-01-01 00:00:00.000000001,6,0,6,Yes,
cow800,,0,6,6,No,
cow801,1970-01-01 00:00:00.000000001,6,0,6,Yes,
cow802,1970-01-01 00:00:00.000000001,6,0,6,Yes,
cow803,1970-01-01 00:00:00.000000001,6,0,6,Yes,
cow804,1970-01-01 00:00:00.000000001,6,0,6,Yes,
cow805,,0,6,6,No,
cow806,,0,6,6,No,
cow807,1970-01-01 00:00:00.000000001,6,0,6,Yes,
cow808,1970-01-01 00:00:00.000000001,6,0,6,Yes,
cow809,1970-01-01 00:00:00.000000001,6,0,6,Yes,
cow81,1970-01-01 00:00:00.000000001,6,0,6,Yes,
cow810,1970-01-01 00:00:00.000000001,6,0,6,Yes,
cow811,1970-01-01 00:00:00.000000001,6,0,6,Yes,
cow812,1970-01-01 00:00:00.000000001,6,0,6,Yes,
cow813,,0,6,6,No,
cow814,,0,6,6,No,
cow815,,0,6,6,No,
cow816,1970-01-01 00:00:00.000000001,6,0,6,Yes,
cow817,,0,6,6,No,
cow818,,0,6,6,No,
cow819,,0,6,6,No,
cow82,1970-01-01 00:00:00.000000001,6,0,6,Yes,
cow820,,0,6,6,No,
cow821,1970-01-01 00:00:00.000000001,6,0,6,Yes,
cow822,,0,6,6,No,
cow823,,0,6,6,No,
cow824,1970-01-01 00:00:00.000000001,6,0,6,Yes,
cow825,1970-01-01 00:00:00.000000001,6,0,6,Yes,
cow826,1970-01-01 00:00:00.000000001,6,0,6,Yes,
cow827,1970-01-01 00:00:00.000000001,6,0,6,Yes,
cow828,1970-01-01 00:00:00.000000001,6,0,6,Yes,
cow829,1970-01-01 00:00:00.000000001,6,0,6,Yes,
cow83,1970-01-01 00:00:00.000000001,6,0,6,Yes,
cow830,,0,6,6,No,
cow831,,0,6,6,No,
cow832,,0,6,6,No,
cow833,1970-01-01 00:00:00.000000001,6,0,6,Yes,
cow834,,0,6,6,No,
cow835,1970-01-01 00:00:00.000000001,6,0,6,Yes,
cow836,1970-01-01 00:00:00.000000001,6,0,6,Yes,
cow837,,0,6,6,No,
cow838,1970-01-01 00:00:00.000000001,6,0,6,Yes,
cow839,,0,6,6,No,
cow84,1970-01-01 00:00:00.000000001,6,0,6,Yes,
cow840,,0,6,6,No,
cow841,,0,6,6,No,
cow842,,0,6,6,No,
cow843,,0,6,6,No,
cow844,,0,6,6,No,
cow845,1970-01-01 00:00:00.000000001,6,0,6,Yes,
cow846,,0,6,6,No,
cow847,1970-01-01 00:00:00.000000001,6,0,6,Yes,
cow848,,0,6,6,No,
cow849,,0,6,6,No,
cow85,1970-01-01 00:00:00.000000001,6,0,6,Yes,
cow850,,0,6,6,No,
cow851,,0,6,6,No,
cow852,,0,6,6,No,
cow853,1970-01-01 00:00:00.000000001,6,0,6,Yes,
cow854,,0,6,6,No,
cow855,,0,6,6,No,
cow856,,0,6,6,No,
cow857,,0,6,6,No,
cow858,,0,6,6,No,
cow859,,0,6,6,No,
cow86,,0,6,6,No,
cow860,,0,6,6,No,
cow861,,0,6,6,No,
cow862,,0,6,6,No,
cow863,1970-01-01 00:00:00.000000001,6,0,6,Yes,
cow864,,0,6,6,No,
cow865,,0,6,6,No,
cow866,,0,6,6,No,
cow867,,0,6,6,No,
cow868,1970-01-01 00:00:00.000000001,6,0,6,Yes,
cow869,,0,6,6,No,
cow87,,0,6,6,No,
cow870,,0,6,6,No,
cow871,,0,6,6,No,
cow872,1970-01-01 00:00:00.000000001,6,0,6,Yes,
cow873,,0,6,6,No,
cow874,,0,6,6,No,
cow875,,0,6,6,No,
cow876,,0,6,6,No,
cow877,1970-01-01 00:00:00.000000001,6,0,6,Yes,
cow878,,0,6,6,No,
cow879,,0,6,6,No,
cow88,,0,6,6,No,
cow880,,0,6,6,No,
cow881,,0,6,6,No,
cow882,1970-01-01 00:00:00.000000001,6,0,6,Yes,
cow883,,0,6,6,No,
cow884,,0,6,6,No,
cow885,,0,6,6,No,
cow886,1970-01-01 00:00:00.000000001,6,0,6,Yes,
cow887,,0,6,6,No,
cow888,,0,6,6,No,
cow889,,0,6,6,No,
cow89,1970-01-01 00:00:00.000000001,6,0,6,Yes,
cow890,1970-01-01 00:00:00.000000001,6,0,6,Yes,
cow891,,0,6,6,No,
cow892,,0,6,6,No,
cow893,,0,6,6,No,
cow894,,0,6,6,No,
cow895,,0,6,6,No,
cow896,,0,6,6,No,
cow897,,0,6,6,No,
cow898,,0,6,6,No,
cow899,,0,6,6,No,
cow9,1970-01-01 00:00:00.000000001,6,0,6,Yes,
cow90,,0,6,6,No,
cow900,,0,6,6,No,
cow901,1970-01-01 00:00:00.000000001,6,0,6,Yes,
cow902,,0,6,6,No,
cow903,,0,6,6,No,
cow904,,0,6,6,No,
cow905,,0,6,6,No,
cow906,,0,6,6,No,
cow907,1970-01-01 00:00:00.000000001,6,0,6,Yes,
cow908,,0,6,6,No,
cow909,,0,6,6,No,
cow91,,0,6,6,No,
cow910,,0,6,6,No,
cow911,,0,6,6,No,
cow912,,0,6,6,No,
cow913,,0,6,6,No,
cow914,,0,6,6,No,
cow915,,0,6,6,No,
cow916,,0,6,6,No,
cow917,1970-01-01 00:00:00.000000001,6,0,6,Yes,
cow918,,0,6,6,No,
cow919,,0,6,6,No,
cow92,,0,6,6,No,
cow920,,0,6,6,No,
cow921,,0,6,6,No,
cow922,1970-01-01 00:00:00.000000001,6,0,6,Yes,
cow923,,0,6,6,No,
cow924,,0,6,6,No,
cow925,,0,6,6,No,
cow926,1970-01-01 00:00:00.000000001,6,0,6,Yes,
cow927,,0,6,6,No,
cow928,,0,6,6,No,
cow929,,0,6,6,No,
cow93,,0,6,6,No,
cow930,,0,6,6,No,
cow931,1970-01-01 00:00:00.000000001,6,0,6,Yes,
cow932,,0,6,6,No,
cow933,,0,6,6,No,
cow934,1970-01-01 00:00:00.000000001,6,0,6,Yes,
cow935,,0,6,6,No,
cow936,,0,6,6,No,
cow937,,0,6,6,No,
cow938,,0,6,6,No,
cow939,1970-01-01 00:00:00.000000001,6,0,6,Yes,
cow94,1970-01-01 00:00:00.000000001,6,0,6,Yes,
cow940,,0,6,6,No,
cow941,,0,6,6,No,
cow942,,0,6,6,No,
cow943,,0,6,6,No,
cow944,,0,6,6,No,
cow945,,0,6,6,No,
cow946,,0,6,6,No,
cow947,1970-01-01 00:00:00.000000001,6,0,6,Yes,
cow948,,0,6,6,No,
cow949,1970-01-01 00:00:00.000000001,6,0,6,Yes,
cow95,,0,6,6,No,
cow950,,0,6,6,No,
cow951,1970-01-01 00:00:00.000000001,6,0,6,Yes,
cow952,,0,6,6,No,
cow953,,0,6,6,No,
cow954,,0,6,6,No,
cow955,,0,6,6,No,
cow956,1970-01-01 00:00:00.000000001,6,0,6,Yes,
cow957,,0,6,6,No,
cow958,1970-01-01 00:00:00.000000001,6,0,6,Yes,
cow959,1970-01-01 00:00:00.000000001,6,0,6,Yes,
cow96,,0,6,6,No,
cow960,1970-01-01 00:00:00.000000001,6,0,6,Yes,
cow961,1970-01-01 00:00:00.000000001,6,0,6,Yes,
cow962,1970-01-01 00:00:00.000000001,6,0,6,Yes,
cow963,1970-01-01 00:00:00.000000001,6,0,6,Yes,
cow964,,0,6,6,No,
cow965,1970-01-01 00:00:00.000000001,6,0,6,Yes,
cow966,,0,6,6,No,
cow967,,0,6,6,No,
cow968,,0,6,6,No,
cow969,,0,6,6,No,
cow97,1970-01-01 00:00:00.000000001,6,0,6,Yes,
cow970,,0,6,6,No,
cow971,1970-01-01 00:00:00.000000001,6,0,6,Yes,
cow972,,0,6,6,No,
cow973,1970-01-01 00:00:00.000000001,6,0,6,Yes,
cow974,1970-01-01 00:00:00.000000001,6,0,6,Yes,
cow975,1970-01-01 00:00:00.000000001,6,0,6,Yes,
cow976,1970-01-01 00:00:00.000000001,6,0,6,Yes,
cow977,1970-01-01 00:00:00.000000001,6,0,6,Yes,
cow978,1970-01-01 00:00:00.000000001,6,0,6,Yes,
cow979,,0,6,6,No,
cow98,1970-01-01 00:00:00.000000001,6,0,6,Yes,
cow980,,0,6,6,No,
cow981,1970-01-01 00:00:00.000000001,6,0,6,Yes,
cow982,,0,6,6,No,
cow983,,0,6,6,No,
cow984,,0,6,6,No,
cow985,,0,6,6,No,
cow986,1970-01-01 00:00:00.000000001,6,0,6,Yes,
cow987,,0,6,6,No,
cow988,,0,6,6,No,
cow989,,0,6,6,No,
cow99,1970-01-01 00:00:00.000000001,6,0,6,Yes,
cow990,1970-01-01 00:00:00.000000001,6,0,6,Yes,
cow991,1970-01-01 00:00:00.000000001,6,0,6,Yes,
cow992,1970-01-01 00:00:00.000000001,6,0,6,Yes,
cow993,1970-01-01 00:00:00.000000001,6,0,6,Yes,
cow994,1970-01-01 00:00:00.000000001,6,0,6,Yes,
cow995,1970-01-01 00:00:00.000000001,6,0,6,Yes,
cow996,1970-01-01 00:00:00.000000001,6,0,6,Yes,
cow997,1970-01-01 00:00:00.000000001,6,0,6,Yes,
cow998,,0,6,6,No,
cow999,1970-01-01 00:00:00.000000001,6,0,6,Yes,
