Cow_ID,Day,Milk_Temperature,Milk_pH,Milk_Conductivity,Somatic_Cell_Count,Milk_Yield,Clotting,class1,temp_norm,cond_norm,yield_norm,risk_score,risk_level,pred_class1
C0001,7,35.38,6.49,4.68,148,17.3,0,0,0.23000000000000043,0.27999999999999997,0.48846153846153845,32.7623076923077,LOW,0
C0002,20,35.68,6.46,5.04,101,20.4,0,0,0.27999999999999997,0.34,0.3692307692307693,32.86615384615385,LOW,0
C0003,29,34.87,6.84,4.73,206,18.5,0,0,0.14499999999999957,0.2883333333333334,0.4423076923076923,28.73320512820512,LOW,0
C0004,15,36.22,6.69,4.48,96,23.5,0,0,0.36999999999999983,0.24666666666666673,0.25,28.96333333333333,LOW,0
C0005,11,35.46,6.56,5.0,142,23.9,0,0,0.24333333333333348,0.3333333333333333,0.23461538461538467,27.21307692307693,LOW,0
C0006,8,36.06,6.7,4.63,108,22.6,0,0,0.3433333333333337,0.27166666666666667,0.28461538461538455,30.004743589743597,LOW,0
C0007,29,35.67,6.39,4.86,173,20.9,0,0,0.2783333333333336,0.31000000000000005,0.35000000000000003,31.16333333333334,LOW,0
C0008,21,38.48,6.89,7.33,733,6.9,0,1,0.7466666666666661,0.7216666666666667,0.8884615384615385,78.18730769230768,HIGH,1
C0009,7,35.78,6.68,4.51,129,16.4,0,0,0.29666666666666686,0.25166666666666665,0.5230769230769231,35.11038461538462,LOW,0
C0010,26,35.72,6.74,4.73,184,25.8,0,0,0.28666666666666646,0.2883333333333334,0.16153846153846152,24.846025641025637,LOW,0
C0011,19,35.82,6.55,4.7,151,17.7,0,0,0.3033333333333334,0.2833333333333334,0.4730769230769231,34.895384615384614,LOW,0
C0012,23,38.37,6.93,6.29,762,10.8,1,1,0.7283333333333329,0.5483333333333333,0.7384615384615384,66.84730769230768,HIGH,1
C0013,11,35.6,6.56,4.62,111,23.2,0,0,0.2666666666666669,0.27,0.26153846153846155,26.624358974358987,LOW,0
C0014,11,35.85,6.68,4.15,94,18.3,0,0,0.30833333333333357,0.19166666666666674,0.44999999999999996,31.14166666666668,LOW,0
C0015,24,37.88,7.03,6.47,597,5.5,0,1,0.6466666666666671,0.5783333333333333,0.9423076923076923,71.4398717948718,HIGH,1
C0016,21,37.58,7.3,6.68,685,15.0,1,1,0.5966666666666663,0.6133333333333333,0.5769230769230769,59.637948717948696,MODERATE,1
C0017,4,39.09,7.05,6.33,777,12.5,1,1,0.8483333333333339,0.555,0.6730769230769231,69.13371794871797,HIGH,1
C0018,8,36.4,6.72,4.63,147,18.6,0,0,0.39999999999999974,0.27166666666666667,0.4384615384615384,36.70064102564101,LOW,0
C0019,24,35.48,6.74,5.0,158,16.1,0,0,0.24666666666666615,0.3333333333333333,0.5346153846153846,36.62641025641024,LOW,0
C0020,3,34.78,6.63,4.49,85,18.5,0,0,0.1300000000000002,0.24833333333333338,0.4423076923076923,26.823205128205142,LOW,0
C0021,22,35.56,6.65,4.24,226,20.6,0,0,0.2600000000000004,0.2066666666666667,0.3615384615384615,27.281025641025654,LOW,0
C0022,21,35.16,6.51,4.65,143,20.2,0,0,0.19333333333333277,0.2750000000000001,0.37692307692307697,27.882948717948704,LOW,0
C0023,2,35.92,6.62,4.55,178,18.8,0,0,0.3200000000000003,0.2583333333333333,0.43076923076923074,33.27551282051283,LOW,0
C0024,24,38.1,7.28,5.76,544,7.4,1,1,0.6833333333333336,0.45999999999999996,0.8692307692307693,66.27948717948719,HIGH,1
C0025,12,35.28,6.91,4.65,162,21.4,0,0,0.2133333333333335,0.2750000000000001,0.3307692307692308,27.1321794871795,LOW,0
C0026,30,34.56,6.54,4.85,98,25.9,0,0,0.09333333333333371,0.3083333333333333,0.15769230769230774,18.853461538461552,LOW,0
C0027,6,35.27,6.8,4.7,168,21.4,0,0,0.2116666666666672,0.2833333333333334,0.3307692307692308,27.367179487179506,LOW,0
C0028,2,34.29,6.75,4.79,136,21.8,0,0,0.048333333333333194,0.29833333333333334,0.3153846153846154,21.86192307692307,LOW,0
C0029,28,34.71,6.68,5.24,151,21.7,0,0,0.11833333333333347,0.37333333333333335,0.31923076923076926,26.986153846153854,LOW,0
C0030,21,35.88,6.83,4.6,178,21.2,0,0,0.31333333333333374,0.2666666666666666,0.3384615384615385,30.478974358974376,LOW,0
C0031,1,35.89,6.69,4.78,101,22.8,0,0,0.3150000000000001,0.2966666666666667,0.2769230769230769,29.67794871794872,LOW,0
C0032,12,35.71,6.69,4.55,123,21.2,0,0,0.28500000000000014,0.2583333333333333,0.3384615384615385,29.22397435897436,LOW,0
C0033,26,35.02,6.64,4.45,168,19.1,0,0,0.1700000000000005,0.2416666666666667,0.4192307692307692,27.2344871794872,LOW,0
C0034,22,35.48,6.77,4.52,234,17.6,0,0,0.24666666666666615,0.25333333333333324,0.4769230769230769,32.037948717948694,LOW,0
C0035,29,38.04,7.21,7.08,791,9.1,1,1,0.6733333333333332,0.68,0.8038461538461538,71.6125641025641,HIGH,1
C0036,12,34.92,6.59,4.81,174,20.9,0,0,0.15333333333333363,0.3016666666666666,0.35000000000000003,26.621666666666677,LOW,0
C0037,25,36.25,6.52,5.4,146,19.1,0,0,0.375,0.4000000000000001,0.4192307692307692,39.746153846153845,LOW,0
C0038,17,37.62,7.11,6.83,569,10.3,1,1,0.6033333333333329,0.6383333333333333,0.7576923076923077,66.34346153846153,HIGH,1
C0039,27,35.39,6.57,4.58,80,21.3,0,0,0.23166666666666677,0.26333333333333336,0.3346153846153846,27.466410256410263,LOW,0
C0040,27,38.67,7.11,8.0,632,10.9,1,1,0.7783333333333337,0.8333333333333334,0.7346153846153847,78.40307692307692,HIGH,1
C0041,10,35.6,6.77,4.82,85,23.8,0,0,0.2666666666666669,0.3033333333333334,0.23846153846153845,27.075641025641033,LOW,0
C0042,28,38.06,7.02,7.14,459,8.2,1,1,0.6766666666666671,0.69,0.8384615384615385,73.14897435897437,HIGH,1
C0043,28,35.38,6.65,5.09,162,16.1,0,0,0.23000000000000043,0.34833333333333333,0.5346153846153846,36.58474358974361,LOW,0
C0044,16,38.34,7.09,7.08,525,9.2,1,1,0.7233333333333339,0.68,0.8,73.19333333333336,HIGH,1
C0045,15,35.0,6.73,3.98,139,20.1,0,0,0.16666666666666666,0.16333333333333333,0.3807692307692307,23.187179487179485,LOW,0
C0046,30,37.62,6.96,6.78,759,11.0,0,1,0.6033333333333329,0.63,0.7307692307692307,65.21717948717946,HIGH,1
C0047,30,36.4,6.59,5.03,274,24.2,0,0,0.39999999999999974,0.3383333333333334,0.22307692307692312,32.35705128205128,LOW,0
C0048,15,35.82,6.67,4.23,140,20.4,0,0,0.3033333333333334,0.20500000000000007,0.3692307692307693,28.93448717948719,LOW,0
C0049,30,38.54,7.33,7.2,388,13.4,1,1,0.7566666666666665,0.7000000000000001,0.6384615384615385,70.01897435897436,HIGH,1
C0050,19,35.79,6.6,4.87,124,24.1,0,0,0.2983333333333332,0.3116666666666667,0.22692307692307687,28.086282051282048,LOW,0
C0051,12,36.2,6.46,4.77,162,18.1,0,0,0.36666666666666714,0.29499999999999993,0.4576923076923076,36.98012820512822,LOW,0
C0052,23,35.96,6.71,4.37,140,21.7,0,0,0.3266666666666668,0.22833333333333336,0.31923076923076926,28.994487179487187,LOW,0
C0053,20,35.53,6.59,4.4,134,19.7,0,0,0.25500000000000017,0.2333333333333334,0.3961538461538462,29.117435897435907,LOW,0
C0054,25,35.18,6.53,4.41,223,19.4,0,0,0.19666666666666663,0.23500000000000001,0.40769230769230774,27.55012820512821,LOW,0
C0055,3,35.85,6.59,4.73,197,17.7,0,0,0.30833333333333357,0.2883333333333334,0.4730769230769231,35.24038461538462,LOW,0
C0056,5,37.21,6.85,6.16,396,8.1,1,1,0.5350000000000001,0.5266666666666667,0.8423076923076922,62.73487179487181,HIGH,1
C0057,19,35.95,6.59,4.85,58,18.9,0,0,0.32500000000000046,0.3083333333333333,0.42692307692307696,35.07628205128207,LOW,0
C0058,7,35.82,6.43,3.84,136,22.1,0,0,0.3033333333333334,0.13999999999999999,0.30384615384615377,24.632564102564103,LOW,0
C0059,21,37.21,7.08,6.43,506,6.8,1,1,0.5350000000000001,0.5716666666666667,0.8923076923076922,65.8598717948718,HIGH,1
C0060,9,38.45,7.3,6.73,624,9.7,1,1,0.7416666666666671,0.6216666666666667,0.7807692307692308,71.17884615384618,HIGH,1
C0061,7,36.16,6.72,4.62,194,23.2,0,0,0.35999999999999943,0.27,0.26153846153846155,29.79769230769229,LOW,0
C0062,18,35.6,6.54,4.54,208,20.3,0,0,0.2666666666666669,0.25666666666666665,0.37307692307692303,29.61538461538462,LOW,0
C0063,4,36.54,6.63,4.94,159,19.3,0,0,0.4233333333333332,0.3233333333333334,0.4115384615384615,38.4676923076923,LOW,0
C0064,25,35.16,6.65,4.14,116,21.2,0,0,0.19333333333333277,0.18999999999999995,0.3384615384615385,23.715641025641006,LOW,0
C0065,28,36.37,6.71,4.71,53,26.9,0,0,0.3949999999999996,0.285,0.11923076923076928,27.101153846153835,LOW,0
C0066,14,35.6,6.72,4.87,177,14.7,0,0,0.2666666666666669,0.3116666666666667,0.5884615384615385,38.2173076923077,LOW,0
C0067,18,35.17,6.58,5.26,117,22.3,0,0,0.19500000000000028,0.37666666666666665,0.2961538461538461,28.994102564102576,LOW,0
C0068,26,35.26,6.66,4.56,157,17.3,0,0,0.20999999999999966,0.25999999999999995,0.48846153846153845,31.382307692307677,LOW,0
C0069,9,37.89,6.97,6.88,427,8.6,1,1,0.6483333333333334,0.6466666666666666,0.823076923076923,70.19205128205128,HIGH,1
C0070,26,37.51,7.05,7.0,573,6.3,1,1,0.5849999999999996,0.6666666666666666,0.9115384615384615,71.48102564102562,HIGH,1
C0071,21,35.76,6.72,3.98,151,18.7,0,0,0.293333333333333,0.16333333333333333,0.4346153846153846,29.163076923076915,LOW,0
C0072,2,35.21,6.73,4.95,161,20.0,0,0,0.2016666666666668,0.325,0.38461538461538464,30.154743589743592,LOW,0
C0073,20,35.49,6.66,4.7,105,16.6,0,0,0.24833333333333366,0.2833333333333334,0.5153846153846153,34.336923076923085,LOW,0
C0074,28,37.67,7.14,6.0,595,9.9,1,1,0.6116666666666669,0.5,0.7730769230769231,62.26205128205129,HIGH,1
C0075,15,36.36,6.69,4.29,126,14.6,0,0,0.39333333333333326,0.215,0.5923076923076923,39.25987179487179,LOW,0
C0076,28,35.72,6.56,4.86,83,21.6,0,0,0.28666666666666646,0.31000000000000005,0.32307692307692304,30.61205128205128,LOW,0
C0077,7,37.45,7.13,6.28,645,8.1,0,1,0.5750000000000005,0.5466666666666667,0.8423076923076922,64.79487179487182,HIGH,1
C0078,12,38.71,7.24,6.58,775,13.4,1,1,0.7850000000000001,0.5966666666666667,0.6384615384615385,67.36564102564103,HIGH,1
C0079,29,37.95,7.14,7.44,529,8.5,0,1,0.6583333333333338,0.7400000000000001,0.8269230769230769,73.91794871794873,HIGH,1
C0080,8,34.99,6.6,4.7,204,15.3,0,0,0.16500000000000034,0.2833333333333334,0.5653846153846154,33.053589743589754,LOW,0
C0081,15,35.37,6.68,4.23,141,20.1,0,0,0.22833333333333292,0.20500000000000007,0.3807692307692307,26.742179487179474,LOW,0
C0082,3,34.67,6.7,5.11,145,15.7,0,0,0.11166666666666696,0.35166666666666674,0.55,33.155000000000015,LOW,0
C0083,14,38.48,7.15,7.17,553,4.9,1,1,0.7466666666666661,0.695,0.9653846153846154,79.63858974358973,HIGH,1
C0084,17,38.14,7.09,7.07,509,7.8,1,1,0.6900000000000001,0.6783333333333333,0.8538461538461538,73.67089743589743,HIGH,1
C0085,4,35.26,6.82,4.23,157,18.6,0,0,0.20999999999999966,0.20500000000000007,0.4384615384615384,27.907307692307683,LOW,0
C0086,18,36.29,6.76,4.35,133,20.9,0,0,0.38166666666666654,0.22499999999999995,0.35000000000000003,31.70166666666666,LOW,0
C0087,8,34.89,6.67,5.13,74,17.7,0,0,0.14833333333333343,0.355,0.4730769230769231,32.13371794871796,LOW,0
C0088,4,38.05,6.97,6.46,443,7.0,1,1,0.6749999999999995,0.5766666666666667,0.8846153846153846,70.55641025641025,HIGH,1
C0089,2,37.98,6.97,7.61,552,12.2,1,1,0.6633333333333328,0.7683333333333334,0.6846153846153846,70.66807692307691,HIGH,1
C0090,30,36.02,6.69,4.68,126,21.9,0,0,0.33666666666666717,0.27999999999999997,0.3115384615384616,30.904358974358992,LOW,0
C0091,6,36.34,6.83,4.15,164,25.3,0,0,0.39000000000000057,0.19166666666666674,0.18076923076923074,25.572179487179508,LOW,0
C0092,22,35.27,6.63,4.97,102,28.4,0,0,0.2116666666666672,0.3283333333333333,0.06153846153846159,20.596025641025662,LOW,0
C0093,10,37.73,7.11,6.71,498,8.7,0,1,0.6216666666666661,0.6183333333333333,0.8192307692307692,68.17448717948716,HIGH,1
C0094,4,38.05,7.26,6.39,520,11.7,1,1,0.6749999999999995,0.565,0.7038461538461539,64.54423076923075,HIGH,1
C0095,22,38.08,7.17,7.21,483,7.6,0,1,0.6799999999999997,0.7016666666666667,0.8615384615384615,74.38602564102564,HIGH,1
C0096,29,35.94,6.57,4.24,128,24.5,0,0,0.323333333333333,0.2066666666666667,0.21153846153846154,24.784358974358963,LOW,0
C0097,18,35.83,6.61,4.75,267,22.3,0,0,0.3049999999999997,0.2916666666666667,0.2961538461538461,29.75910256410256,LOW,0
C0098,26,34.71,6.51,5.36,110,18.5,0,0,0.11833333333333347,0.39333333333333337,0.4423076923076923,31.50153846153847,LOW,0
C0099,12,36.24,6.65,4.85,113,23.7,0,0,0.3733333333333337,0.3083333333333333,0.24230769230769234,30.996538461538474,LOW,0
C0100,2,38.21,7.06,6.71,624,10.4,1,1,0.7016666666666668,0.6183333333333333,0.7538461538461539,68.86756410256412,HIGH,1
C0101,10,37.68,7.05,7.16,631,8.2,1,1,0.6133333333333333,0.6933333333333334,0.8384615384615385,71.1123076923077,HIGH,1
C0102,30,38.89,6.97,6.98,559,6.9,1,1,0.8150000000000001,0.6633333333333334,0.8884615384615385,78.46897435897438,HIGH,1
C0103,4,37.4,7.09,6.97,510,5.2,1,1,0.5666666666666664,0.6616666666666666,0.9538461538461539,71.99423076923075,HIGH,1
C0104,14,35.63,6.75,4.37,111,23.1,0,0,0.2716666666666671,0.22833333333333336,0.26538461538461533,25.45525641025643,LOW,0
C0105,16,35.22,6.58,4.77,95,16.8,0,0,0.20333333333333314,0.29499999999999993,0.5076923076923077,32.97679487179486,LOW,0
C0106,15,37.66,7.31,6.24,818,11.9,1,1,0.6099999999999994,0.54,0.6961538461538462,61.22076923076922,HIGH,1
C0107,8,38.7,7.21,7.15,448,11.2,1,1,0.7833333333333338,0.6916666666666668,0.7230769230769231,73.2570512820513,HIGH,1
C0108,14,36.09,6.74,5.13,129,22.3,0,0,0.3483333333333339,0.355,0.2961538461538461,33.44910256410258,LOW,0
C0109,23,35.77,6.67,4.67,138,18.1,0,0,0.29500000000000054,0.2783333333333333,0.4576923076923076,33.96012820512822,LOW,0
C0110,28,35.31,6.71,4.43,125,16.0,0,0,0.2183333333333337,0.23833333333333329,0.5384615384615384,32.4573076923077,LOW,0
C0111,25,37.93,7.27,6.65,700,8.0,1,1,0.6549999999999999,0.6083333333333334,0.8461538461538461,69.7924358974359,HIGH,1
C0112,30,34.08,6.56,4.61,199,19.9,0,0,0.01333333333333305,0.26833333333333337,0.3884615384615385,21.887307692307683,LOW,0
C0113,8,36.07,6.71,4.93,137,16.5,0,0,0.34500000000000003,0.3216666666666666,0.5192307692307693,39.08448717948718,LOW,0
C0114,21,34.63,6.56,4.61,78,16.5,0,0,0.10500000000000043,0.26833333333333337,0.5192307692307693,29.05782051282053,LOW,0
C0115,16,35.32,6.7,4.68,127,26.3,0,0,0.22000000000000006,0.27999999999999997,0.14230769230769227,21.691538461538464,LOW,0
C0116,13,34.94,6.51,4.85,126,17.4,0,0,0.1566666666666663,0.3083333333333333,0.48461538461538467,31.14141025641024,LOW,0
C0117,18,34.85,6.73,4.79,124,19.0,0,0,0.1416666666666669,0.29833333333333334,0.4230769230769231,28.373717948717957,LOW,0
C0118,15,36.08,6.53,4.1,122,18.9,0,0,0.3466666666666664,0.18333333333333326,0.42692307692307696,31.437948717948704,LOW,0
C0119,21,35.27,6.71,4.36,124,18.7,0,0,0.2116666666666672,0.2266666666666667,0.4346153846153846,28.60307692307694,LOW,0
C0120,24,35.67,6.71,4.98,135,21.9,0,0,0.2783333333333336,0.33000000000000007,0.3115384615384616,30.67102564102565,LOW,0
C0121,26,35.48,6.58,4.66,125,22.8,0,0,0.24666666666666615,0.27666666666666667,0.2769230769230769,26.654615384615365,LOW,0
C0122,25,37.89,7.09,6.69,520,11.1,0,1,0.6483333333333334,0.6150000000000001,0.7269230769230769,66.10294871794873,HIGH,1
C0123,28,35.54,6.68,4.29,164,16.3,0,0,0.25666666666666654,0.215,0.5269230769230769,32.58628205128205,LOW,0
C0124,28,34.86,6.6,4.38,114,23.8,0,0,0.14333333333333323,0.22999999999999998,0.23846153846153845,20.31564102564102,LOW,0
C0125,28,38.66,7.03,6.9,712,6.8,1,1,0.7766666666666661,0.65,0.8923076923076922,76.81820512820511,HIGH,1
C0126,13,35.25,6.45,4.67,111,25.2,0,0,0.20833333333333334,0.2783333333333333,0.18461538461538465,22.548076923076927,LOW,0
C0127,9,34.72,6.68,4.52,85,13.3,0,0,0.11999999999999982,0.25333333333333324,0.6423076923076922,32.858205128205114,LOW,0
C0128,29,35.29,6.49,4.41,165,20.6,0,0,0.21499999999999986,0.23500000000000001,0.3615384615384615,26.7426923076923,LOW,0
C0129,15,36.25,6.66,4.68,117,25.8,0,0,0.375,0.27999999999999997,0.16153846153846152,27.557692307692307,LOW,0
C0130,13,35.93,6.62,4.81,163,18.9,0,0,0.3216666666666666,0.3016666666666666,0.42692307692307696,34.72961538461538,LOW,0
C0131,1,35.33,6.72,5.33,54,19.3,0,0,0.22166666666666637,0.38833333333333336,0.4115384615384615,33.88602564102563,LOW,0
C0132,25,35.33,6.62,4.25,206,20.9,0,0,0.22166666666666637,0.20833333333333334,0.35000000000000003,25.678333333333324,LOW,0
C0133,7,35.34,6.62,5.05,177,18.3,0,0,0.2233333333333339,0.3416666666666666,0.44999999999999996,33.50166666666669,LOW,0
C0134,9,36.54,6.72,4.99,90,19.1,0,0,0.4233333333333332,0.3316666666666667,0.4192307692307692,38.99782051282051,LOW,0
C0135,24,35.69,6.68,4.47,91,19.0,0,0,0.2816666666666663,0.24499999999999997,0.4230769230769231,31.267051282051266,LOW,0
C0136,1,35.72,6.68,4.76,217,18.1,0,0,0.28666666666666646,0.2933333333333333,0.4576923076923076,34.20179487179486,LOW,0
C0137,12,36.02,6.7,4.56,121,23.7,0,0,0.33666666666666717,0.25999999999999995,0.24230769230769234,28.058205128205145,LOW,0
C0138,8,35.62,6.5,4.76,117,21.4,0,0,0.2699999999999996,0.2933333333333333,0.3307692307692308,29.700512820512802,LOW,0
C0139,24,37.76,7.01,6.84,389,7.7,1,1,0.6266666666666664,0.64,0.8576923076923078,70.2951282051282,HIGH,1
C0140,11,35.4,6.71,4.88,136,22.4,0,0,0.2333333333333331,0.3133333333333333,0.2923076923076924,27.961538461538453,LOW,0
C0141,19,35.46,6.55,4.85,141,19.2,0,0,0.24333333333333348,0.3083333333333333,0.4153846153846154,31.941923076923086,LOW,0
C0142,17,35.48,6.63,4.57,179,17.7,0,0,0.24666666666666615,0.2616666666666667,0.4730769230769231,32.210384615384605,LOW,0
C0143,8,35.86,6.65,4.25,94,18.2,0,0,0.3099999999999999,0.20833333333333334,0.4538461538461539,31.900897435897434,LOW,0
C0144,3,35.53,6.64,4.64,89,20.0,0,0,0.25500000000000017,0.27333333333333326,0.38461538461538464,30.15974358974359,LOW,0
C0145,3,37.96,7.15,6.74,662,10.8,1,1,0.6600000000000001,0.6233333333333334,0.7384615384615384,67.14897435897437,HIGH,1
C0146,1,37.81,7.29,6.63,470,11.1,1,1,0.6350000000000003,0.605,0.7269230769230769,65.2996153846154,HIGH,1
C0147,27,35.54,6.76,4.38,87,18.5,0,0,0.25666666666666654,0.22999999999999998,0.4423076923076923,30.488205128205127,LOW,0
C0148,5,38.8,7.1,6.24,735,9.8,1,1,0.7999999999999995,0.54,0.7769230769230769,70.18461538461537,HIGH,1
C0149,10,35.96,6.71,4.4,152,11.7,0,0,0.3266666666666668,0.2333333333333334,0.7038461538461539,41.09256410256411,MODERATE,1
C0150,7,35.67,6.78,4.46,194,19.5,0,0,0.2783333333333336,0.24333333333333332,0.40384615384615385,30.499230769230778,LOW,0
C0151,26,36.0,6.69,4.57,147,25.2,0,0,0.3333333333333333,0.2616666666666667,0.18461538461538465,26.214743589743595,LOW,0
C0152,9,37.83,7.04,7.05,582,8.0,1,1,0.6383333333333331,0.6749999999999999,0.8461538461538461,71.55910256410256,HIGH,1
C0153,28,36.54,6.85,4.41,144,22.3,0,0,0.4233333333333332,0.23500000000000001,0.2961538461538461,31.799102564102554,LOW,0
C0154,7,35.43,6.75,4.91,192,20.3,0,0,0.23833333333333329,0.31833333333333336,0.37307692307692303,30.810384615384613,LOW,0
C0155,9,36.05,6.67,4.31,114,18.0,0,0,0.3416666666666662,0.21833333333333327,0.46153846153846156,33.56602564102562,LOW,0
C0156,8,34.98,6.75,4.22,134,13.3,0,0,0.1633333333333328,0.20333333333333328,0.6423076923076922,32.58153846153844,LOW,0
C0157,12,35.81,6.66,4.51,143,20.6,0,0,0.301666666666667,0.25166666666666665,0.3615384615384615,30.272692307692317,LOW,0
C0158,2,34.97,6.65,4.92,34,17.7,0,0,0.1616666666666665,0.32,0.4730769230769231,31.362051282051272,LOW,0
C0159,1,35.19,6.61,4.64,217,17.6,0,0,0.19833333333333295,0.27333333333333326,0.4769230769230769,31.09461538461537,LOW,0
C0160,16,36.46,6.81,4.56,114,18.5,0,0,0.41000000000000014,0.25999999999999995,0.4423076923076923,36.751538461538466,LOW,0
C0161,23,35.4,6.57,4.71,170,25.2,0,0,0.2333333333333331,0.285,0.18461538461538465,23.631410256410252,LOW,0
C0162,23,35.61,6.8,4.18,147,27.2,0,0,0.26833333333333326,0.19666666666666663,0.10769230769230773,19.345128205128205,LOW,0
C0163,30,35.94,6.7,4.85,200,20.7,0,0,0.323333333333333,0.3083333333333333,0.3576923076923077,32.87346153846153,LOW,0
C0164,24,35.75,6.51,4.82,166,18.6,0,0,0.2916666666666667,0.3033333333333334,0.4384615384615384,34.12564102564103,LOW,0
C0165,5,37.1,7.14,6.73,364,10.7,1,1,0.5166666666666669,0.6216666666666667,0.7423076923076923,62.336538461538474,HIGH,1
C0166,3,35.68,6.44,5.0,114,21.4,0,0,0.27999999999999997,0.3333333333333333,0.3307692307692308,31.440512820512822,LOW,0
C0167,12,36.7,6.71,4.36,182,25.3,0,0,0.45000000000000046,0.2266666666666667,0.18076923076923074,28.837179487179505,LOW,0
C0168,8,35.47,6.74,5.04,75,19.3,0,0,0.2449999999999998,0.34,0.4115384615384615,32.9876923076923,LOW,0
C0169,22,35.6,6.59,4.75,176,12.9,0,0,0.2666666666666669,0.2916666666666667,0.6576923076923078,39.663461538461554,LOW,0
C0170,27,36.03,6.66,4.6,106,22.0,0,0,0.33833333333333354,0.2666666666666666,0.3076923076923077,30.37512820512821,LOW,0
C0171,3,36.05,6.85,4.69,200,23.0,0,0,0.3416666666666662,0.28166666666666673,0.2692307692307692,29.82115384615383,LOW,0
C0172,1,36.09,6.6,4.67,156,15.2,0,0,0.3483333333333339,0.2783333333333333,0.5692307692307692,39.231153846153866,LOW,0
C0173,3,35.82,6.54,5.07,176,20.5,0,0,0.3033333333333334,0.34500000000000003,0.36538461538461536,33.71525641025641,LOW,0
C0174,5,34.93,6.8,4.38,153,21.4,0,0,0.15499999999999994,0.22999999999999998,0.3307692307692308,23.573846153846155,LOW,0
C0175,15,36.32,6.85,4.47,80,19.8,0,0,0.3866666666666667,0.24499999999999997,0.3923076923076923,33.88320512820513,LOW,0
C0176,14,34.93,6.65,5.01,116,17.6,0,0,0.15499999999999994,0.33499999999999996,0.4769230769230769,31.77961538461538,LOW,0
C0177,3,35.65,6.75,4.52,177,23.0,0,0,0.27499999999999974,0.25333333333333324,0.2692307692307692,26.5628205128205,LOW,0
C0178,1,35.12,6.78,4.97,157,18.8,0,0,0.18666666666666623,0.3283333333333333,0.43076923076923074,31.192179487179473,LOW,0
C0179,5,35.47,6.58,5.21,197,15.5,0,0,0.2449999999999998,0.36833333333333335,0.5576923076923077,38.510128205128204,LOW,0
C0180,26,35.66,6.6,4.58,166,13.9,0,0,0.2766666666666661,0.26333333333333336,0.6192307692307693,37.81948717948717,LOW,0
C0181,23,35.66,6.77,4.9,111,23.8,0,0,0.2766666666666661,0.3166666666666667,0.23846153846153845,27.882307692307673,LOW,0
C0182,14,35.71,6.82,4.35,118,21.8,0,0,0.28500000000000014,0.22499999999999995,0.3153846153846154,27.34192307692308,LOW,0
C0183,7,36.31,6.71,4.93,154,20.3,0,0,0.3850000000000004,0.3216666666666666,0.37307692307692303,35.91371794871796,LOW,0
C0184,27,35.73,6.56,4.76,57,18.7,0,0,0.28833333333333283,0.2933333333333333,0.4346153846153846,33.54307692307691,LOW,0
C0185,9,39.32,7.31,6.01,674,11.1,1,1,0.8866666666666667,0.5016666666666666,0.7269230769230769,70.23961538461538,HIGH,1
C0186,15,37.25,7.26,6.83,661,9.8,1,1,0.5416666666666666,0.6383333333333333,0.7769230769230769,64.84294871794872,HIGH,1
C0187,15,36.09,6.62,4.2,199,18.7,0,0,0.3483333333333339,0.20000000000000004,0.4346153846153846,32.31641025641028,LOW,0
C0188,26,34.89,6.68,4.85,87,13.6,0,0,0.14833333333333343,0.3083333333333333,0.6307692307692307,35.38884615384615,LOW,0
C0189,10,38.54,7.1,6.45,952,9.3,1,1,0.7566666666666665,0.5750000000000001,0.7961538461538461,70.5324358974359,HIGH,1
C0190,28,35.85,6.74,4.6,239,19.1,0,0,0.30833333333333357,0.2666666666666666,0.4192307692307692,32.812820512820515,LOW,0
C0191,13,35.35,6.69,4.98,97,21.8,0,0,0.22500000000000023,0.33000000000000007,0.3153846153846154,28.97692307692309,LOW,0
C0192,19,36.19,6.7,4.76,181,19.9,0,0,0.3649999999999996,0.2933333333333333,0.3884615384615385,34.71897435897434,LOW,0
C0193,7,35.42,6.65,5.28,150,22.4,0,0,0.23666666666666694,0.38000000000000006,0.2923076923076924,30.40820512820514,LOW,0
C0194,17,35.56,6.71,5.01,88,24.0,0,0,0.2600000000000004,0.33499999999999996,0.23076923076923078,27.718846153846165,LOW,0
C0195,20,35.41,6.4,4.5,170,23.2,0,0,0.23499999999999943,0.25,0.26153846153846155,24.84769230769229,LOW,0
C0196,29,35.51,6.62,4.71,183,21.4,0,0,0.2516666666666663,0.285,0.3307692307692308,28.78551282051281,LOW,0
C0197,4,34.95,6.67,4.69,126,20.0,0,0,0.1583333333333338,0.28166666666666673,0.38461538461538464,27.164743589743612,LOW,0
C0198,30,34.78,6.53,4.23,197,17.1,0,0,0.1300000000000002,0.20500000000000007,0.4961538461538461,26.975769230769238,LOW,0
C0199,5,36.3,6.69,4.42,83,22.2,0,0,0.38333333333333286,0.23666666666666666,0.30000000000000004,30.616666666666653,LOW,0
C0200,23,35.08,6.63,4.53,90,25.0,0,0,0.17999999999999972,0.25500000000000006,0.19230769230769232,21.006538461538454,LOW,0
C0201,7,35.0,6.83,4.09,155,21.0,0,0,0.16666666666666666,0.18166666666666664,0.34615384615384615,22.75576923076923,LOW,0
C0202,13,38.63,6.94,6.37,508,7.9,1,1,0.7716666666666671,0.5616666666666666,0.8500000000000001,72.245,HIGH,1
C0203,15,35.18,6.6,4.63,121,15.4,0,0,0.19666666666666663,0.27166666666666667,0.5615384615384615,33.60269230769231,LOW,0
C0204,11,34.84,6.63,4.2,182,16.5,0,0,0.14000000000000057,0.20000000000000004,0.5192307692307693,27.856153846153862,LOW,0
C0205,29,36.32,6.64,4.82,171,22.6,0,0,0.3866666666666667,0.3033333333333334,0.28461538461538455,32.58641025641026,LOW,0
C0206,4,36.0,6.6,4.91,184,20.8,0,0,0.3333333333333333,0.31833333333333336,0.3538461538461538,33.44423076923077,LOW,0
C0207,13,35.16,6.67,4.77,145,23.9,0,0,0.19333333333333277,0.29499999999999993,0.23461538461538467,24.171410256410237,LOW,0
C0208,7,36.63,6.57,4.6,174,20.0,0,0,0.43833333333333374,0.2666666666666666,0.38461538461538464,36.159743589743606,LOW,0
C0209,27,35.99,6.54,4.88,132,17.4,0,0,0.331666666666667,0.3133333333333333,0.48461538461538467,37.26641025641027,LOW,0
C0210,19,35.34,6.71,4.9,232,19.4,0,0,0.2233333333333339,0.3166666666666667,0.40769230769230774,31.31512820512823,LOW,0
C0211,22,34.25,6.71,4.79,117,15.4,0,0,0.041666666666666664,0.29833333333333334,0.5615384615384615,29.26602564102564,LOW,0
C0212,28,36.65,6.57,4.45,234,16.6,0,0,0.44166666666666643,0.2416666666666667,0.5153846153846153,39.451923076923066,LOW,0
C0213,2,34.81,6.74,4.78,151,22.9,0,0,0.13500000000000037,0.2966666666666667,0.2730769230769231,23.43871794871796,LOW,0
C0214,10,34.68,6.59,5.06,95,22.6,0,0,0.11333333333333329,0.34333333333333327,0.28461538461538455,24.693076923076916,LOW,0
C0215,13,36.01,6.68,4.52,205,21.1,0,0,0.3349999999999997,0.25333333333333324,0.34230769230769226,30.868205128205112,LOW,0
C0216,30,38.04,7.11,7.29,650,9.7,1,1,0.6733333333333332,0.715,0.7807692307692308,72.12217948717948,HIGH,1
C0217,25,36.19,6.65,4.54,184,18.9,0,0,0.3649999999999996,0.25666666666666665,0.42692307692307696,34.62794871794871,LOW,0
C0218,21,35.78,6.7,4.71,199,16.3,0,0,0.29666666666666686,0.285,0.5269230769230769,36.39628205128206,LOW,0
C0219,6,35.8,6.6,4.5,164,23.5,0,0,0.29999999999999954,0.25,0.25,26.699999999999985,LOW,0
C0220,28,35.93,6.63,4.77,126,18.2,0,0,0.3216666666666666,0.29499999999999993,0.4538461538461539,35.330897435897434,LOW,0
C0221,28,35.88,6.63,4.18,189,16.7,0,0,0.31333333333333374,0.19666666666666663,0.5115384615384616,33.39435897435899,LOW,0
C0222,12,35.64,6.58,4.54,150,20.1,0,0,0.27333333333333343,0.25666666666666665,0.3807692307692307,30.080512820512816,LOW,0
C0223,12,35.55,6.63,4.37,177,18.1,0,0,0.25833333333333286,0.22833333333333336,0.4576923076923076,30.963461538461523,LOW,0
C0224,20,35.47,6.5,4.74,64,24.5,0,0,0.2449999999999998,0.29000000000000004,0.21153846153846154,25.037692307692303,LOW,0
C0225,30,35.12,6.6,5.0,168,17.8,0,0,0.18666666666666623,0.3333333333333333,0.46923076923076923,32.559487179487164,LOW,0
C0226,30,35.36,6.62,4.89,124,15.8,0,0,0.22666666666666657,0.31499999999999995,0.5461538461538461,35.6624358974359,LOW,0
C0227,11,34.65,6.62,3.99,216,13.5,0,0,0.1083333333333331,0.16500000000000004,0.6346153846153846,29.131410256410252,LOW,0
C0228,26,35.45,6.63,5.31,175,19.9,0,0,0.24166666666666714,0.38499999999999995,0.3884615384615385,33.73397435897437,LOW,0
C0229,23,35.01,6.64,4.79,160,18.3,0,0,0.168333333333333,0.29833333333333334,0.44999999999999996,30.114999999999988,LOW,0
C0230,28,34.95,6.7,4.47,169,15.7,0,0,0.1583333333333338,0.24499999999999997,0.55,31.008333333333347,LOW,0
C0231,25,35.59,6.74,4.75,110,23.6,0,0,0.26500000000000057,0.2916666666666667,0.2461538461538461,26.849102564102584,LOW,0
C0232,7,37.31,7.23,6.58,601,9.6,1,1,0.5516666666666671,0.5966666666666667,0.7846153846153846,63.96307692307693,HIGH,1
C0233,30,35.96,6.53,4.5,230,19.9,0,0,0.3266666666666668,0.25,0.3884615384615385,31.898974358974364,LOW,0
C0234,1,34.71,6.55,4.76,166,24.1,0,0,0.11833333333333347,0.2933333333333333,0.22692307692307687,21.324615384615385,LOW,0
C0235,1,35.01,6.6,4.52,214,22.0,0,0,0.168333333333333,0.25333333333333324,0.3076923076923077,24.128461538461526,LOW,0
C0236,25,35.97,6.61,4.58,127,17.5,0,0,0.32833333333333314,0.26333333333333336,0.4807692307692308,35.28384615384615,LOW,0
C0237,27,35.01,6.57,4.49,118,16.9,0,0,0.168333333333333,0.24833333333333338,0.5038461538461539,30.034230769230764,LOW,0
C0238,30,35.39,6.52,4.27,152,22.5,0,0,0.23166666666666677,0.2116666666666666,0.28846153846153844,24.227307692307694,LOW,0
C0239,25,35.78,6.6,4.74,167,21.2,0,0,0.29666666666666686,0.29000000000000004,0.3384615384615385,30.72897435897437,LOW,0
C0240,20,35.02,6.67,4.88,134,20.5,0,0,0.1700000000000005,0.3133333333333333,0.36538461538461536,28.073589743589757,LOW,0
C0241,13,35.55,6.71,4.85,172,17.5,0,0,0.25833333333333286,0.3083333333333333,0.4807692307692308,34.478846153846135,LOW,0
C0242,9,38.38,7.16,6.78,546,8.8,0,1,0.7300000000000004,0.63,0.8153846153846154,72.14692307692309,HIGH,1
C0243,3,35.2,6.61,4.8,110,17.7,0,0,0.20000000000000048,0.3,0.4730769230769231,31.96538461538463,LOW,0
C0244,7,35.66,6.56,4.54,171,19.7,0,0,0.2766666666666661,0.25666666666666665,0.3961538461538462,30.670769230769213,LOW,0
C0245,6,34.7,6.65,4.95,185,24.3,0,0,0.11666666666666714,0.325,0.2192307692307692,22.13782051282053,LOW,0
C0246,8,38.54,7.21,6.59,768,10.8,1,1,0.7566666666666665,0.5983333333333333,0.7384615384615384,69.56064102564102,HIGH,1
C0247,27,35.49,6.71,4.43,196,15.3,0,0,0.24833333333333366,0.23833333333333329,0.5653846153846154,34.31192307692309,LOW,0
C0248,9,35.78,6.47,4.41,101,16.8,0,0,0.29666666666666686,0.23500000000000001,0.5076923076923077,34.05012820512822,LOW,0
C0249,30,37.92,7.13,6.38,566,10.4,1,1,0.6533333333333337,0.5633333333333334,0.7538461538461539,65.29923076923079,HIGH,1
C0250,5,37.63,7.08,7.26,748,8.9,1,1,0.6050000000000004,0.71,0.8115384615384615,70.57769230769233,HIGH,1
C0251,1,37.66,7.02,6.63,486,9.5,1,1,0.6099999999999994,0.605,0.7884615384615384,66.35730769230767,HIGH,1
C0252,19,35.29,6.92,5.02,125,18.5,0,0,0.21499999999999986,0.3366666666666666,0.4423076923076923,32.80487179487179,LOW,0
C0253,10,35.56,6.68,4.44,112,21.5,0,0,0.2600000000000004,0.24000000000000007,0.3269230769230769,27.374615384615403,LOW,0
C0254,12,35.77,6.55,4.8,128,17.5,0,0,0.29500000000000054,0.3,0.4807692307692308,35.43384615384617,LOW,0
C0255,24,37.05,7.18,7.99,496,11.7,1,1,0.5083333333333329,0.8316666666666667,0.7038461538461539,68.21089743589742,HIGH,1
C0256,15,35.52,6.47,4.95,183,17.8,0,0,0.25333333333333385,0.325,0.46923076923076923,34.53448717948719,LOW,0
C0257,27,35.15,6.64,4.67,137,17.3,0,0,0.19166666666666643,0.2783333333333333,0.48846153846153845,31.40064102564102,LOW,0
C0258,22,35.17,6.57,4.58,87,18.1,0,0,0.19500000000000028,0.26333333333333336,0.4576923076923076,30.035128205128213,LOW,0
C0259,24,34.8,6.74,4.86,196,18.9,0,0,0.13333333333333286,0.31000000000000005,0.42692307692307696,28.617948717948703,LOW,0
C0260,9,36.37,6.6,4.96,117,19.9,0,0,0.3949999999999996,0.32666666666666666,0.3884615384615385,36.90564102564101,LOW,0
C0261,20,34.88,6.64,4.5,148,20.7,0,0,0.14666666666666708,0.25,0.3576923076923077,24.82512820512822,LOW,0
C0262,17,35.15,6.59,4.68,168,8.9,0,0,0.19166666666666643,0.27999999999999997,0.8115384615384615,41.474358974358964,MODERATE,1
C0263,30,35.14,6.82,4.38,158,17.6,0,0,0.19000000000000009,0.22999999999999998,0.4769230769230769,29.294615384615387,LOW,0
C0264,17,35.95,6.62,3.95,194,18.8,0,0,0.32500000000000046,0.15833333333333335,0.43076923076923074,29.945512820512832,LOW,0
C0265,26,35.35,6.83,4.76,169,24.5,0,0,0.22500000000000023,0.2933333333333333,0.21153846153846154,24.474358974358978,LOW,0
C0266,20,36.12,6.73,4.88,116,16.8,0,0,0.3533333333333329,0.3133333333333333,0.5076923076923077,38.718461538461526,LOW,0
C0267,12,35.16,6.7,4.78,237,20.5,0,0,0.19333333333333277,0.2966666666666667,0.36538461538461536,28.283589743589722,LOW,0
C0268,30,35.64,6.69,4.12,158,24.5,0,0,0.27333333333333343,0.18666666666666668,0.21153846153846154,22.384358974358975,LOW,0
C0269,7,35.08,6.69,4.59,144,16.1,0,0,0.17999999999999972,0.26499999999999996,0.5346153846153846,31.968076923076914,LOW,0
C0270,2,36.57,6.46,4.03,189,21.2,0,0,0.4283333333333334,0.17166666666666672,0.3384615384615385,31.063974358974367,LOW,0
C0271,3,34.91,6.62,5.11,160,17.6,0,0,0.1516666666666661,0.35166666666666674,0.4769230769230769,32.24961538461537,LOW,0
C0272,17,35.65,6.73,4.37,166,18.5,0,0,0.27499999999999974,0.22833333333333336,0.4423076923076923,31.053205128205118,LOW,0
C0273,5,35.82,6.65,5.08,250,17.6,0,0,0.3033333333333334,0.3466666666666667,0.4769230769230769,37.23128205128206,LOW,0
C0274,17,35.71,6.51,4.98,139,17.8,0,0,0.28500000000000014,0.33000000000000007,0.46923076923076923,35.78615384615386,LOW,0
C0275,24,35.41,6.64,4.43,137,28.2,0,0,0.23499999999999943,0.23833333333333329,0.06923076923076926,18.477820512820493,LOW,0
C0276,17,38.09,7.01,6.26,528,8.9,1,1,0.6816666666666672,0.5433333333333333,0.8115384615384615,67.35102564102566,HIGH,1
C0277,27,35.52,6.77,4.81,193,23.3,0,0,0.25333333333333385,0.3016666666666666,0.25769230769230766,27.16012820512822,LOW,0
C0278,17,38.62,7.18,7.01,599,7.2,1,1,0.7699999999999996,0.6683333333333333,0.8769230769230769,76.75628205128204,HIGH,1
C0279,2,35.98,6.75,4.73,71,15.2,0,0,0.32999999999999946,0.2883333333333334,0.5692307692307692,38.9578205128205,LOW,0
C0280,2,36.61,6.61,4.56,127,21.2,0,0,0.4349999999999999,0.25999999999999995,0.3384615384615385,34.38230769230769,LOW,0
C0281,28,35.22,6.48,4.17,85,23.2,0,0,0.20333333333333314,0.19499999999999998,0.26153846153846155,21.846025641025633,LOW,0
C0282,22,34.82,6.56,4.03,133,17.4,0,0,0.13666666666666671,0.17166666666666672,0.48461538461538467,25.67807692307693,LOW,0
C0283,23,35.46,6.81,4.77,170,22.9,0,0,0.24333333333333348,0.29499999999999993,0.2730769230769231,27.06371794871795,LOW,0
C0284,5,36.79,6.62,4.53,114,22.1,0,0,0.46499999999999986,0.25500000000000006,0.30384615384615377,34.154230769230765,LOW,0
C0285,1,35.1,6.63,4.53,93,25.6,0,0,0.18333333333333357,0.25500000000000006,0.16923076923076918,20.404487179487187,LOW,0
C0286,1,39.38,7.13,7.83,459,9.3,0,1,0.8966666666666671,0.805,0.7961538461538461,83.3424358974359,HIGH,1
C0287,19,38.2,7.07,6.1,711,9.3,1,1,0.7000000000000005,0.5166666666666666,0.7961538461538461,66.56410256410258,HIGH,1
C0288,30,37.75,7.14,7.4,388,9.4,1,1,0.625,0.7333333333333334,0.7923076923076924,71.47820512820513,HIGH,1
C0289,2,35.78,6.87,4.6,183,24.3,0,0,0.29666666666666686,0.2666666666666666,0.2192307692307692,26.21615384615385,LOW,0
C0290,21,36.31,6.63,4.85,183,14.5,0,0,0.3850000000000004,0.3083333333333333,0.5961538461538461,42.362435897435915,MODERATE,1
C0291,12,37.65,7.05,6.75,524,7.4,0,1,0.6083333333333331,0.625,0.8692307692307693,69.50448717948717,HIGH,1
C0292,26,35.4,6.5,4.77,199,20.3,0,0,0.2333333333333331,0.29499999999999993,0.37307692307692303,29.82371794871793,LOW,0
C0293,6,35.21,6.8,4.87,238,18.7,0,0,0.2016666666666668,0.3116666666666667,0.4346153846153846,31.238076923076928,LOW,0
C0294,23,34.99,6.53,4.9,136,20.0,0,0,0.16500000000000034,0.3166666666666667,0.38461538461538464,28.61641025641027,LOW,0
C0295,4,35.18,6.67,4.12,154,22.8,0,0,0.19666666666666663,0.18666666666666668,0.2769230769230769,21.804615384615385,LOW,0
C0296,23,38.56,6.99,6.79,652,7.3,1,1,0.7600000000000003,0.6316666666666667,0.8730769230769231,75.01371794871797,HIGH,1
C0297,11,35.52,6.59,4.44,150,14.4,0,0,0.25333333333333385,0.24000000000000007,0.6,35.61333333333335,LOW,0
C0298,24,35.12,6.57,4.73,211,26.1,0,0,0.18666666666666623,0.2883333333333334,0.14999999999999994,21.08833333333332,LOW,0
C0299,27,35.62,6.59,4.84,96,17.0,0,0,0.2699999999999996,0.30666666666666664,0.5,35.41333333333332,LOW,0
C0300,17,34.72,6.6,5.15,116,16.8,0,0,0.11999999999999982,0.3583333333333334,0.5076923076923077,32.360128205128206,LOW,0
C0301,6,35.67,6.6,4.55,205,23.3,0,0,0.2783333333333336,0.2583333333333333,0.25769230769230766,26.493461538461542,LOW,0
C0302,24,37.57,7.16,6.53,509,9.9,1,1,0.5950000000000001,0.5883333333333334,0.7730769230769231,64.7870512820513,HIGH,1
C0303,5,34.5,6.54,5.04,135,19.8,0,0,0.08333333333333333,0.34,0.3923076923076923,26.894871794871793,LOW,0
C0304,20,35.69,6.67,4.79,184,21.4,0,0,0.2816666666666663,0.29833333333333334,0.3307692307692308,30.272179487179475,LOW,0
C0305,2,36.11,6.77,5.08,164,23.3,0,0,0.35166666666666657,0.3466666666666667,0.25769230769230766,32.07846153846153,LOW,0
C0306,6,37.59,7.14,6.23,803,10.5,1,1,0.5983333333333339,0.5383333333333334,0.75,62.43500000000002,HIGH,1
C0307,22,36.34,6.58,4.35,153,24.6,0,0,0.39000000000000057,0.22499999999999995,0.20769230769230765,27.57346153846155,LOW,0
C0308,11,38.44,6.89,6.43,565,9.0,1,1,0.7399999999999997,0.5716666666666667,0.8076923076923077,70.20679487179487,HIGH,1
C0309,16,35.15,6.77,4.23,256,22.3,0,0,0.19166666666666643,0.20500000000000007,0.2961538461538461,22.872435897435892,LOW,0
C0310,16,35.47,6.67,4.9,174,17.5,0,0,0.2449999999999998,0.3166666666666667,0.4807692307692308,34.31717948717948,LOW,0
C0311,1,35.78,6.6,5.06,152,24.1,0,0,0.29666666666666686,0.34333333333333327,0.22692307692307687,29.13794871794872,LOW,0
C0312,9,35.54,6.7,5.25,179,20.4,0,0,0.25666666666666654,0.375,0.3692307692307693,33.29782051282051,LOW,0
C0313,28,35.77,6.54,4.95,135,18.0,0,0,0.29500000000000054,0.325,0.46153846153846156,35.71269230769233,LOW,0
C0314,27,35.04,6.72,5.05,246,22.0,0,0,0.1733333333333332,0.3416666666666666,0.3076923076923077,27.3901282051282,LOW,0
C0315,6,35.58,6.69,4.53,157,22.7,0,0,0.26333333333333303,0.25500000000000006,0.28076923076923077,26.58217948717948,LOW,0
C0316,16,37.71,6.97,6.39,724,8.2,1,1,0.6183333333333335,0.565,0.8384615384615385,66.79064102564102,HIGH,1
C0317,29,35.44,6.57,4.96,117,16.9,0,0,0.23999999999999963,0.32666666666666666,0.5038461538461539,35.212564102564095,LOW,0
C0318,3,35.05,6.56,4.83,194,18.5,0,0,0.17499999999999952,0.305,0.4423076923076923,30.336538461538442,LOW,0
C0319,20,38.71,7.09,6.13,537,6.6,0,1,0.7850000000000001,0.5216666666666666,0.8999999999999999,72.84833333333334,HIGH,1
C0320,28,36.12,6.77,4.82,130,19.9,0,0,0.3533333333333329,0.3033333333333334,0.3884615384615385,34.67230769230768,LOW,0
C0321,27,36.05,6.59,4.8,173,22.2,0,0,0.3416666666666662,0.3,0.30000000000000004,31.416666666666654,LOW,0
C0322,4,38.62,7.19,8.09,680,12.1,1,1,0.7699999999999996,0.8483333333333333,0.6884615384615385,77.21397435897434,HIGH,1
C0323,19,34.95,6.44,5.09,157,21.0,0,0,0.1583333333333338,0.34833333333333333,0.34615384615384615,28.305769230769247,LOW,0
C0324,26,35.34,6.59,4.86,168,19.1,0,0,0.2233333333333339,0.31000000000000005,0.4192307692307692,31.4394871794872,LOW,0
C0325,3,36.11,6.65,4.95,218,17.5,0,0,0.35166666666666657,0.325,0.4807692307692308,38.23551282051282,LOW,0
C0326,19,35.57,6.56,4.85,119,17.8,0,0,0.2616666666666667,0.3083333333333333,0.46923076923076923,34.23448717948718,LOW,0
C0327,20,36.66,6.56,4.56,99,19.4,0,0,0.44333333333333275,0.25999999999999995,0.40769230769230774,36.81179487179486,LOW,0
C0328,7,35.7,6.58,4.93,114,9.2,0,0,0.2833333333333338,0.3216666666666666,0.8,45.69166666666668,MODERATE,1
C0329,20,37.93,7.22,6.41,564,13.4,1,1,0.6549999999999999,0.5683333333333334,0.6384615384615385,61.953974358974364,HIGH,1
C0330,9,35.35,6.63,5.02,203,17.4,0,0,0.22500000000000023,0.3366666666666666,0.48461538461538467,34.456410256410265,LOW,0
C0331,1,35.57,6.43,4.34,212,21.6,0,0,0.2616666666666667,0.2233333333333333,0.32307692307692304,26.72871794871795,LOW,0
C0332,8,35.42,6.44,4.79,163,17.6,0,0,0.23666666666666694,0.29833333333333334,0.4769230769230769,33.27294871794872,LOW,0
C0333,7,35.85,6.59,4.45,199,19.4,0,0,0.30833333333333357,0.2416666666666667,0.40769230769230774,31.580128205128215,LOW,0
C0334,18,35.98,6.7,4.87,155,24.6,0,0,0.32999999999999946,0.3116666666666667,0.20769230769230765,28.566794871794855,LOW,0
C0335,8,35.11,6.38,4.69,146,23.0,0,0,0.18499999999999991,0.28166666666666673,0.2692307692307692,24.49448717948718,LOW,0
C0336,1,34.83,6.6,4.22,137,22.7,0,0,0.13833333333333306,0.20333333333333328,0.28076923076923077,20.523846153846144,LOW,0
C0337,11,34.58,6.6,4.83,138,18.5,0,0,0.09666666666666639,0.305,0.4423076923076923,27.673205128205115,LOW,0
C0338,28,37.93,7.13,7.48,817,7.0,0,1,0.6549999999999999,0.7466666666666667,0.8846153846153846,75.82641025641026,HIGH,1
C0339,25,34.95,6.61,4.96,161,19.3,0,0,0.1583333333333338,0.32666666666666666,0.4115384615384615,29.57435897435899,LOW,0
C0340,25,38.73,7.08,7.26,588,7.6,1,1,0.7883333333333328,0.71,0.8615384615384615,78.36102564102563,HIGH,1
C0341,18,35.69,6.66,4.82,180,21.2,0,0,0.2816666666666663,0.3033333333333334,0.3384615384615385,30.68564102564102,LOW,0
C0342,23,38.15,7.18,7.03,1023,7.1,1,1,0.6916666666666664,0.6716666666666667,0.8807692307692307,74.32884615384614,HIGH,1
C0343,30,35.5,6.73,4.52,143,24.5,0,0,0.25,0.25333333333333324,0.21153846153846154,23.924358974358974,LOW,0
C0344,10,35.92,6.67,4.56,115,19.5,0,0,0.3200000000000003,0.25999999999999995,0.40384615384615385,32.49923076923078,LOW,0
C0345,3,35.54,6.7,4.96,153,21.9,0,0,0.25666666666666654,0.32666666666666666,0.3115384615384616,29.8176923076923,LOW,0
C0346,7,35.45,7.04,5.2,180,24.4,0,0,0.24166666666666714,0.3666666666666667,0.21538461538461545,27.726923076923093,LOW,0
C0347,28,35.96,6.44,4.46,104,23.1,0,0,0.3266666666666668,0.24333333333333332,0.26538461538461533,27.850256410256414,LOW,0
C0348,16,35.35,6.82,5.02,153,15.8,0,0,0.22500000000000023,0.3366666666666666,0.5461538461538461,36.364102564102566,LOW,0
C0349,26,35.63,6.62,4.05,159,21.3,0,0,0.2716666666666671,0.17499999999999996,0.3346153846153846,25.7347435897436,LOW,0
C0350,16,35.66,6.68,4.34,121,22.6,0,0,0.2766666666666661,0.2233333333333333,0.28461538461538455,26.046410256410233,LOW,0
C0351,25,35.17,6.65,4.41,126,22.7,0,0,0.19500000000000028,0.23500000000000001,0.28076923076923077,23.558846153846165,LOW,0
C0352,20,36.0,6.61,4.29,159,16.7,0,0,0.3333333333333333,0.215,0.5115384615384616,34.71602564102564,LOW,0
C0353,28,35.41,6.59,4.22,105,18.0,0,0,0.23499999999999943,0.20333333333333328,0.46153846153846156,29.414358974358954,LOW,0
C0354,17,35.12,6.68,4.82,164,23.0,0,0,0.18666666666666623,0.3033333333333334,0.2692307692307692,25.309487179487167,LOW,0
C0355,2,35.77,6.5,4.64,114,17.7,0,0,0.29500000000000054,0.27333333333333326,0.4730769230769231,34.262051282051296,LOW,0
C0356,1,38.82,7.13,7.34,635,8.4,1,1,0.8033333333333333,0.7233333333333333,0.8307692307692308,78.38384615384615,HIGH,1
C0357,16,35.51,6.61,4.91,244,24.7,0,0,0.2516666666666663,0.31833333333333336,0.20384615384615387,26.017564102564094,LOW,0
C0358,30,35.5,6.54,4.78,116,19.9,0,0,0.25,0.2966666666666667,0.3884615384615385,30.925641025641028,LOW,0
C0359,12,36.04,6.6,4.9,171,17.8,0,0,0.33999999999999986,0.3166666666666667,0.46923076923076923,37.18948717948718,LOW,0
C0360,5,38.3,7.1,6.31,493,10.2,1,1,0.7166666666666662,0.5516666666666666,0.7615384615384616,67.28269230769229,HIGH,1
C0361,5,35.49,6.6,4.34,192,21.0,0,0,0.24833333333333366,0.2233333333333333,0.34615384615384615,26.99076923076924,LOW,0
C0362,27,35.91,6.69,5.02,99,16.0,0,0,0.31833333333333275,0.3366666666666666,0.5384615384615384,39.298974358974334,LOW,0
C0363,23,36.2,6.58,4.52,169,19.3,0,0,0.36666666666666714,0.25333333333333324,0.4115384615384615,34.09102564102565,LOW,0
C0364,9,35.78,6.73,4.42,115,21.0,0,0,0.29666666666666686,0.23666666666666666,0.34615384615384615,29.10076923076924,LOW,0
C0365,9,35.51,6.72,4.65,142,23.9,0,0,0.2516666666666663,0.2750000000000001,0.23461538461538467,25.454743589743583,LOW,0
C0366,3,37.74,7.08,6.67,446,9.5,0,1,0.6233333333333336,0.6116666666666667,0.7884615384615384,67.04397435897437,HIGH,1
C0367,19,37.89,7.42,6.04,469,7.1,0,1,0.6483333333333334,0.5066666666666667,0.8807692307692307,67.08051282051282,HIGH,1
C0368,16,35.35,6.72,4.8,117,23.5,0,0,0.22500000000000023,0.3,0.25,25.900000000000006,LOW,0
C0369,16,35.2,6.66,4.8,172,19.1,0,0,0.20000000000000048,0.3,0.4192307692307692,30.29615384615386,LOW,0
C0370,3,37.9,7.09,7.07,596,11.3,1,1,0.6499999999999998,0.6783333333333333,0.7192307692307692,68.1378205128205,HIGH,1
C0371,20,35.53,6.58,4.55,145,19.5,0,0,0.25500000000000017,0.2583333333333333,0.40384615384615385,30.23089743589744,LOW,0
C0372,24,35.76,6.72,5.02,156,24.3,0,0,0.293333333333333,0.3366666666666666,0.2192307692307692,28.5528205128205,LOW,0
C0373,22,35.46,6.63,4.85,120,20.5,0,0,0.24333333333333348,0.3083333333333333,0.36538461538461536,30.391923076923078,LOW,0
C0374,24,35.74,6.64,5.32,158,20.0,0,0,0.2900000000000003,0.3866666666666667,0.38461538461538464,35.31641025641027,LOW,0
C0375,1,35.53,6.66,5.05,211,24.9,0,0,0.25500000000000017,0.3416666666666666,0.1961538461538462,26.709102564102572,LOW,0
C0376,24,34.51,6.68,5.04,119,15.7,0,0,0.08499999999999967,0.34,0.55,31.83999999999999,LOW,0
C0377,20,37.41,7.15,6.54,603,8.4,1,1,0.5683333333333328,0.59,0.8307692307692308,65.72717948717948,HIGH,1
C0378,11,38.56,7.21,6.91,464,9.4,0,1,0.7600000000000003,0.6516666666666667,0.7923076923076924,73.20987179487182,HIGH,1
C0379,17,34.9,6.81,4.68,117,21.1,0,0,0.14999999999999977,0.27999999999999997,0.34230769230769226,25.511538461538454,LOW,0
C0380,8,35.8,6.75,4.53,92,20.5,0,0,0.29999999999999954,0.25500000000000006,0.36538461538461536,30.45192307692306,LOW,0
C0381,4,38.22,7.19,6.53,506,7.2,1,1,0.7033333333333331,0.5883333333333334,0.8769230769230769,71.68961538461538,HIGH,1
C0382,6,38.01,7.02,6.67,702,6.1,1,1,0.668333333333333,0.6116666666666667,0.9192307692307692,72.6278205128205,HIGH,1
C0383,8,35.39,6.56,4.85,225,18.8,0,0,0.23166666666666677,0.3083333333333333,0.43076923076923074,32.02217948717949,LOW,0
C0384,20,38.3,7.11,7.4,599,11.8,1,1,0.7166666666666662,0.7333333333333334,0.7,71.73333333333332,HIGH,1
C0385,30,37.82,7.18,6.41,705,11.5,1,1,0.6366666666666667,0.5683333333333334,0.7115384615384616,63.59602564102565,HIGH,1
C0386,3,35.33,6.8,4.51,104,15.0,0,0,0.22166666666666637,0.25166666666666665,0.5769230769230769,34.22961538461537,LOW,0
C0387,16,35.19,6.59,4.77,194,28.1,0,0,0.19833333333333295,0.29499999999999993,0.07307692307692303,19.333717948717933,LOW,0
C0388,30,35.35,6.63,4.61,127,21.6,0,0,0.22500000000000023,0.26833333333333337,0.32307692307692304,27.05705128205129,LOW,0
C0389,25,35.31,6.49,4.63,152,20.6,0,0,0.2183333333333337,0.27166666666666667,0.3615384615384615,28.139358974358984,LOW,0
C0390,3,35.59,6.61,4.93,188,21.8,0,0,0.26500000000000057,0.3216666666666666,0.3153846153846154,30.045256410256428,LOW,0
C0391,25,38.08,7.03,6.27,549,8.4,1,1,0.6799999999999997,0.5449999999999999,0.8307692307692308,67.94884615384615,HIGH,1
C0392,29,35.5,6.6,5.28,148,19.6,0,0,0.25,0.38000000000000006,0.39999999999999997,34.2,LOW,0
C0393,18,35.72,6.71,4.15,149,18.1,0,0,0.28666666666666646,0.19166666666666674,0.4576923076923076,30.643461538461537,LOW,0
C0394,14,36.1,6.63,4.52,177,21.8,0,0,0.35000000000000026,0.25333333333333324,0.3153846153846154,30.54358974358975,LOW,0
C0395,18,35.97,6.68,4.81,174,21.2,0,0,0.32833333333333314,0.3016666666666666,0.3384615384615385,32.213974358974355,LOW,0
C0396,2,38.74,7.08,7.64,730,12.9,0,1,0.7900000000000004,0.7733333333333333,0.6576923076923078,74.31512820512822,HIGH,1
C0397,22,34.22,6.66,4.67,153,24.3,0,0,0.03666666666666648,0.2783333333333333,0.2192307692307692,17.78448717948717,LOW,0
C0398,3,35.97,6.35,4.68,135,20.9,0,0,0.32833333333333314,0.27999999999999997,0.35000000000000003,31.813333333333325,LOW,0
C0399,16,34.82,6.63,4.82,91,22.2,0,0,0.13666666666666671,0.3033333333333334,0.30000000000000004,24.563333333333336,LOW,0
C0400,29,35.39,6.49,4.63,160,24.2,0,0,0.23166666666666677,0.27166666666666667,0.22307692307692312,24.30038461538462,LOW,0
C0401,9,34.91,6.77,5.12,226,20.1,0,0,0.1516666666666661,0.35333333333333333,0.3807692307692307,29.327179487179468,LOW,0
C0402,4,34.6,6.73,4.95,115,21.0,0,0,0.10000000000000024,0.325,0.34615384615384615,25.50576923076924,LOW,0
C0403,1,35.77,6.7,4.96,119,22.4,0,0,0.29500000000000054,0.32666666666666666,0.2923076923076924,30.524871794871817,LOW,0
C0404,4,35.88,6.8,4.41,115,17.8,0,0,0.31333333333333374,0.23500000000000001,0.46923076923076923,33.424487179487194,LOW,0
C0405,1,35.21,6.56,4.68,179,20.2,0,0,0.2016666666666668,0.27999999999999997,0.37692307692307697,28.341282051282057,LOW,0
C0406,14,34.2,6.82,4.61,168,20.4,0,0,0.033333333333333805,0.26833333333333337,0.3692307692307693,21.971153846153868,LOW,0
C0407,21,37.81,7.11,5.98,611,8.3,1,1,0.6350000000000003,0.49666666666666676,0.8346153846153845,64.84641025641027,HIGH,1
C0408,16,35.7,6.63,4.81,113,27.0,0,0,0.2833333333333338,0.3016666666666666,0.11538461538461539,23.768589743589757,LOW,0
C0409,20,34.76,6.76,4.54,154,15.8,0,0,0.12666666666666634,0.25666666666666665,0.5461538461538461,30.220769230769218,LOW,0
C0410,24,35.59,6.54,4.9,87,16.1,0,0,0.26500000000000057,0.3166666666666667,0.5346153846153846,36.66641025641027,LOW,0
C0411,8,35.49,6.57,4.38,156,23.9,0,0,0.24833333333333366,0.22999999999999998,0.23461538461538467,23.76641025641027,LOW,0
C0412,7,35.79,6.59,5.22,185,22.1,0,0,0.2983333333333332,0.36999999999999994,0.30384615384615377,32.5125641025641,LOW,0
C0413,3,35.56,6.6,4.43,100,16.9,0,0,0.2600000000000004,0.23833333333333329,0.5038461538461539,32.80089743589745,LOW,0
C0414,17,38.57,7.18,6.34,559,9.4,0,1,0.7616666666666667,0.5566666666666666,0.7923076923076924,69.94153846153846,HIGH,1
C0415,1,36.1,6.77,4.94,213,24.4,0,0,0.35000000000000026,0.3233333333333334,0.21538461538461545,29.89358974358976,LOW,0
C0416,16,35.42,6.62,4.53,126,19.9,0,0,0.23666666666666694,0.25500000000000006,0.3884615384615385,29.01397435897437,LOW,0
C0417,12,35.49,6.69,4.96,195,27.8,0,0,0.24833333333333366,0.32666666666666666,0.08461538461538459,22.4997435897436,LOW,0
C0418,27,37.37,7.23,6.65,591,10.1,1,1,0.5616666666666662,0.6083333333333334,0.7653846153846153,64.11525641025639,HIGH,1
C0419,19,35.28,6.47,5.14,144,22.1,0,0,0.2133333333333335,0.35666666666666663,0.30384615384615377,29.155897435897437,LOW,0
C0420,22,35.06,6.68,4.7,168,23.5,0,0,0.17666666666666705,0.2833333333333334,0.25,23.673333333333346,LOW,0
C0421,23,35.41,6.46,4.52,115,22.7,0,0,0.23499999999999943,0.25333333333333324,0.28076923076923077,25.5605128205128,LOW,0
C0422,22,36.36,6.64,4.61,155,19.4,0,0,0.39333333333333326,0.26833333333333337,0.40769230769230774,35.40346153846154,LOW,0
C0423,14,34.81,6.51,4.94,135,19.1,0,0,0.13500000000000037,0.3233333333333334,0.4192307692307692,28.902820512820526,LOW,0
C0424,30,38.08,7.02,6.77,740,11.4,1,1,0.6799999999999997,0.6283333333333333,0.7153846153846154,67.28858974358974,HIGH,1
C0425,6,36.24,6.74,4.48,163,22.4,0,0,0.3733333333333337,0.24666666666666673,0.2923076923076924,30.388205128205144,LOW,0
C0426,6,35.4,6.66,4.63,139,21.8,0,0,0.2333333333333331,0.27166666666666667,0.3153846153846154,27.21858974358973,LOW,0
C0427,13,35.17,6.78,4.35,144,23.1,0,0,0.19500000000000028,0.22499999999999995,0.26538461538461533,22.73192307692308,LOW,0
C0428,19,36.02,6.57,5.25,102,16.9,0,0,0.33666666666666717,0.375,0.5038461538461539,40.190897435897455,MODERATE,1
C0429,22,35.2,6.7,4.53,214,19.3,0,0,0.20000000000000048,0.25500000000000006,0.4115384615384615,28.482692307692325,LOW,0
C0430,8,36.41,6.67,4.95,185,17.2,0,0,0.4016666666666661,0.325,0.49230769230769234,40.29320512820511,MODERATE,1
C0431,27,35.84,6.68,4.76,189,18.8,0,0,0.30666666666666725,0.2933333333333333,0.43076923076923074,34.047179487179505,LOW,0
C0432,27,35.26,6.78,4.4,138,23.0,0,0,0.20999999999999966,0.2333333333333334,0.2692307692307692,23.652820512820504,LOW,0
C0433,2,36.58,6.72,4.7,81,20.3,0,0,0.4299999999999997,0.2833333333333334,0.37307692307692303,36.10205128205127,LOW,0
C0434,21,35.2,6.68,4.94,228,27.8,0,0,0.20000000000000048,0.3233333333333334,0.08461538461538459,20.739743589743608,LOW,0
C0435,30,35.87,6.48,4.64,148,20.6,0,0,0.31166666666666626,0.27333333333333326,0.3615384615384615,31.371025641025625,LOW,0
C0436,1,35.65,6.55,5.06,120,20.2,0,0,0.27499999999999974,0.34333333333333327,0.37692307692307697,33.051282051282044,LOW,0
C0437,28,36.15,6.64,5.01,167,20.3,0,0,0.3583333333333331,0.33499999999999996,0.37307692307692303,35.47371794871794,LOW,0
C0438,15,36.28,6.66,4.98,197,18.1,0,0,0.38000000000000017,0.33000000000000007,0.4576923076923076,38.658461538461545,LOW,0
C0439,1,37.79,7.12,6.13,597,7.6,1,1,0.6316666666666665,0.5216666666666666,0.8615384615384615,66.4426923076923,HIGH,1
C0440,5,38.29,7.23,5.71,593,8.6,1,1,0.7149999999999999,0.45166666666666666,0.823076923076923,65.63371794871796,HIGH,1
C0441,28,35.73,6.8,4.52,193,20.3,0,0,0.28833333333333283,0.25333333333333324,0.37307692307692303,30.235384615384596,LOW,0
C0442,29,35.16,6.71,4.76,107,17.6,0,0,0.19333333333333277,0.2933333333333333,0.4769230769230769,31.62461538461536,LOW,0
C0443,16,36.51,6.66,4.86,123,17.2,0,0,0.418333333333333,0.31000000000000005,0.49230769230769234,40.33487179487179,MODERATE,1
C0444,19,35.57,6.63,4.05,188,18.6,0,0,0.2616666666666667,0.17499999999999996,0.4384615384615384,28.61397435897436,LOW,0
C0445,4,35.32,6.55,4.7,41,20.2,0,0,0.22000000000000006,0.2833333333333334,0.37692307692307697,29.08128205128206,LOW,0
C0446,3,35.59,6.66,4.75,144,23.6,0,0,0.26500000000000057,0.2916666666666667,0.2461538461538461,26.849102564102584,LOW,0
C0447,17,34.83,6.68,4.62,93,16.0,0,0,0.13833333333333306,0.27,0.5384615384615384,30.84564102564101,LOW,0
C0448,17,35.01,6.53,5.09,131,19.0,0,0,0.168333333333333,0.34833333333333333,0.4230769230769231,31.030384615384605,LOW,0
C0449,12,36.1,6.68,4.83,138,20.4,0,0,0.35000000000000026,0.305,0.3692307692307693,34.02115384615386,LOW,0
C0450,28,35.17,6.63,5.09,136,14.5,0,0,0.19500000000000028,0.34833333333333333,0.5961538461538461,37.302435897435906,LOW,0
C0451,30,34.98,6.46,4.64,128,17.5,0,0,0.1633333333333328,0.27333333333333326,0.4807692307692308,30.023846153846133,LOW,0
C0452,29,35.77,6.56,4.98,106,18.0,0,0,0.29500000000000054,0.33000000000000007,0.46153846153846156,35.88769230769233,LOW,0
C0453,14,36.09,6.61,5.19,242,17.6,0,0,0.3483333333333339,0.36500000000000005,0.4769230769230769,39.40294871794874,LOW,0
C0454,21,35.86,6.84,5.09,225,20.6,0,0,0.3099999999999999,0.34833333333333333,0.3615384615384615,33.93935897435897,LOW,0
C0455,6,36.0,6.71,4.37,104,19.5,0,0,0.3333333333333333,0.22833333333333336,0.40384615384615385,31.844230769230776,LOW,0
C0456,3,35.12,6.52,4.62,213,18.3,0,0,0.18666666666666623,0.27,0.44999999999999996,29.746666666666655,LOW,0
C0457,28,34.79,6.7,4.6,134,21.3,0,0,0.13166666666666652,0.2666666666666666,0.3346153846153846,24.183076923076918,LOW,0
C0458,9,36.25,6.5,4.85,155,25.2,0,0,0.375,0.3083333333333333,0.18461538461538465,29.264743589743592,LOW,0
C0459,5,35.34,6.76,4.91,147,24.9,0,0,0.2233333333333339,0.31833333333333336,0.1961538461538462,24.815769230769252,LOW,0
C0460,24,35.37,6.6,4.45,124,14.2,0,0,0.22833333333333292,0.2416666666666667,0.6076923076923078,35.060128205128194,LOW,0
C0461,29,36.16,6.64,4.72,189,21.7,0,0,0.35999999999999943,0.2866666666666666,0.31923076923076926,32.16948717948716,LOW,0
C0462,17,38.3,7.14,6.54,604,10.2,1,1,0.7166666666666662,0.59,0.7615384615384616,68.62435897435896,HIGH,1
C0463,14,38.44,7.01,6.42,705,9.4,1,1,0.7399999999999997,0.57,0.7923076923076924,69.67153846153845,HIGH,1
C0464,21,36.58,6.51,4.55,98,18.8,0,0,0.4299999999999997,0.2583333333333333,0.43076923076923074,37.01551282051281,LOW,0
C0465,3,35.18,6.59,4.72,114,20.4,0,0,0.19666666666666663,0.2866666666666666,0.3692307692307693,28.166153846153847,LOW,0
C0466,28,35.96,6.75,4.61,84,20.5,0,0,0.3266666666666668,0.26833333333333337,0.36538461538461536,31.82525641025642,LOW,0
C0467,1,35.53,6.5,5.04,150,18.3,0,0,0.25500000000000017,0.34,0.44999999999999996,34.52,LOW,0
C0468,20,37.97,7.09,5.81,498,10.5,1,1,0.6616666666666665,0.46833333333333327,0.75,62.13833333333332,HIGH,1
C0469,29,36.26,6.6,4.7,139,18.7,0,0,0.3766666666666663,0.2833333333333334,0.4346153846153846,36.196410256410246,LOW,0
C0470,21,35.75,6.71,4.67,205,20.7,0,0,0.2916666666666667,0.2783333333333333,0.3576923076923077,30.74679487179487,LOW,0
C0471,23,35.77,6.77,4.56,198,21.8,0,0,0.29500000000000054,0.25999999999999995,0.3153846153846154,28.906923076923096,LOW,0
C0472,1,36.04,6.6,5.22,149,22.6,0,0,0.33999999999999986,0.36999999999999994,0.28461538461538455,33.333076923076916,LOW,0
C0473,3,35.32,6.61,4.43,147,18.5,0,0,0.22000000000000006,0.23833333333333329,0.4423076923076923,29.533205128205132,LOW,0
C0474,18,35.08,6.77,4.93,225,20.9,0,0,0.17999999999999972,0.3216666666666666,0.35000000000000003,28.22833333333332,LOW,0
C0475,25,34.98,6.46,4.81,171,22.9,0,0,0.1633333333333328,0.3016666666666666,0.2730769230769231,24.57705128205126,LOW,0
C0476,10,38.66,7.22,7.13,648,9.4,0,1,0.7766666666666661,0.6883333333333334,0.7923076923076924,75.05987179487177,HIGH,1
C0477,22,38.71,6.98,7.28,637,8.3,1,1,0.7850000000000001,0.7133333333333334,0.8346153846153845,77.52974358974359,HIGH,1
C0478,26,34.95,6.69,4.48,166,19.3,0,0,0.1583333333333338,0.24666666666666673,0.4115384615384615,26.774358974358993,LOW,0
C0479,3,35.39,6.6,5.03,183,20.6,0,0,0.23166666666666677,0.3383333333333334,0.3615384615384615,30.926025641025646,LOW,0
C0480,8,35.36,6.65,4.83,125,16.6,0,0,0.22666666666666657,0.305,0.5153846153846153,34.35858974358974,LOW,0
C0481,14,35.65,6.4,4.24,162,19.4,0,0,0.27499999999999974,0.2066666666666667,0.40769230769230774,29.221794871794867,LOW,0
C0482,24,35.91,6.58,4.54,135,22.2,0,0,0.31833333333333275,0.25666666666666665,0.30000000000000004,29.106666666666648,LOW,0
C0483,18,35.93,6.7,4.82,143,21.9,0,0,0.3216666666666666,0.3033333333333334,0.3115384615384616,31.211025641025646,LOW,0
C0484,15,35.21,6.55,4.95,50,19.2,0,0,0.2016666666666668,0.325,0.4153846153846154,31.10858974358975,LOW,0
C0485,22,35.42,6.66,4.5,141,20.7,0,0,0.23666666666666694,0.25,0.3576923076923077,27.88512820512822,LOW,0
C0486,23,35.64,6.69,3.83,189,17.5,0,0,0.27333333333333343,0.13833333333333334,0.4807692307692308,29.038846153846155,LOW,0
C0487,2,35.38,6.62,4.86,125,22.1,0,0,0.23000000000000043,0.31000000000000005,0.30384615384615377,28.089230769230785,LOW,0
C0488,27,37.52,7.14,7.39,488,6.7,1,1,0.5866666666666672,0.7316666666666666,0.8961538461538462,73.33576923076924,HIGH,1
C0489,10,35.75,6.55,4.09,120,19.2,0,0,0.2916666666666667,0.18166666666666664,0.4153846153846154,29.15192307692308,LOW,0
C0490,2,35.87,6.63,3.85,164,18.9,0,0,0.31166666666666626,0.1416666666666667,0.42692307692307696,28.789615384615374,LOW,0
C0491,26,38.05,7.04,6.5,692,12.2,1,1,0.6749999999999995,0.5833333333333334,0.6846153846153846,64.58974358974358,HIGH,1
C0492,17,36.09,6.67,4.74,112,18.7,0,0,0.3483333333333339,0.29000000000000004,0.4346153846153846,35.46641025641028,LOW,0
C0493,8,38.99,7.2,6.37,655,11.3,1,1,0.831666666666667,0.5616666666666666,0.7192307692307692,70.23115384615384,HIGH,1
C0494,1,34.85,6.67,5.12,187,18.8,0,0,0.1416666666666669,0.35333333333333333,0.43076923076923074,30.537179487179493,LOW,0
C0495,9,35.7,6.72,4.89,126,24.8,0,0,0.2833333333333338,0.31499999999999995,0.19999999999999998,26.858333333333345,LOW,0
C0496,11,35.17,6.45,5.18,170,24.4,0,0,0.19500000000000028,0.3633333333333333,0.21538461538461545,26.023589743589753,LOW,0
C0497,22,35.24,6.77,4.28,171,17.3,0,0,0.206666666666667,0.21333333333333337,0.48846153846153845,29.635641025641036,LOW,0
C0498,16,35.79,6.62,4.69,176,20.2,0,0,0.2983333333333332,0.28166666666666673,0.37692307692307697,31.68628205128205,LOW,0
C0499,7,36.12,6.69,4.21,82,18.0,0,0,0.3533333333333329,0.20166666666666666,0.46153846153846156,33.379358974358965,LOW,0
C0500,29,35.51,6.77,4.63,190,19.0,0,0,0.2516666666666663,0.27166666666666667,0.4230769230769231,31.180384615384604,LOW,0
C0501,10,35.65,6.51,4.63,127,26.0,0,0,0.27499999999999974,0.27166666666666667,0.15384615384615385,23.627564102564094,LOW,0
C0502,23,38.76,7.15,6.86,648,10.1,0,1,0.793333333333333,0.6433333333333334,0.7653846153846153,73.21692307692307,HIGH,1
C0503,26,37.27,7.23,7.65,726,10.1,1,1,0.5450000000000005,0.775,0.7653846153846153,69.38192307692309,HIGH,1
C0504,3,36.8,6.57,4.89,162,21.6,0,0,0.4666666666666662,0.31499999999999995,0.32307692307692304,36.90705128205126,LOW,0
C0505,18,35.78,6.82,4.91,135,17.0,0,0,0.29666666666666686,0.31833333333333336,0.5,36.72833333333334,LOW,0
C0506,25,34.62,6.56,5.35,62,17.4,0,0,0.1033333333333329,0.3916666666666666,0.48461538461538467,32.24474358974357,LOW,0
C0507,24,35.88,6.59,4.61,206,16.4,0,0,0.31333333333333374,0.26833333333333337,0.5230769230769231,36.26038461538463,LOW,0
C0508,13,37.79,7.16,6.66,597,12.3,1,1,0.6316666666666665,0.61,0.6807692307692308,63.93051282051282,HIGH,1
C0509,28,36.14,6.53,4.77,110,11.4,0,0,0.35666666666666674,0.29499999999999993,0.7153846153846154,44.62858974358974,MODERATE,1
C0510,26,35.84,6.61,4.46,137,21.6,0,0,0.30666666666666725,0.24333333333333332,0.32307692307692304,28.958717948717965,LOW,0
C0511,7,35.43,6.68,5.14,207,26.2,0,0,0.23833333333333329,0.35666666666666663,0.1461538461538462,25.117435897435897,LOW,0
C0512,25,34.89,6.62,4.62,181,20.4,0,0,0.14833333333333343,0.27,0.3692307692307693,25.939487179487188,LOW,0
C0513,4,35.4,6.64,4.53,144,15.8,0,0,0.2333333333333331,0.25500000000000006,0.5461538461538461,33.789102564102556,LOW,0
C0514,13,37.46,7.08,6.43,614,12.3,1,1,0.5766666666666668,0.5716666666666667,0.6807692307692308,60.71884615384615,HIGH,1
C0515,20,35.21,6.5,4.92,126,18.6,0,0,0.2016666666666668,0.32,0.4384615384615384,31.648974358974357,LOW,0
C0516,1,35.79,6.68,4.65,156,16.9,0,0,0.2983333333333332,0.2750000000000001,0.5038461538461539,35.387564102564106,LOW,0
C0517,8,36.33,6.83,4.51,153,22.6,0,0,0.38833333333333303,0.25166666666666665,0.28461538461538455,30.834743589743578,LOW,0
C0518,14,38.16,7.27,6.92,575,7.6,1,1,0.6933333333333328,0.6533333333333333,0.8615384615384615,73.1476923076923,HIGH,1
C0519,16,37.75,7.11,6.64,793,9.8,1,1,0.625,0.6066666666666666,0.7769230769230769,66.56794871794871,HIGH,1
C0520,14,35.72,6.72,4.71,170,22.2,0,0,0.28666666666666646,0.285,0.30000000000000004,29.02166666666666,LOW,0
C0521,12,36.1,6.52,4.9,136,24.6,0,0,0.35000000000000026,0.3166666666666667,0.20769230769230765,29.42179487179488,LOW,0
C0522,19,35.2,6.82,4.21,180,25.7,0,0,0.20000000000000048,0.20166666666666666,0.1653846153846154,18.98525641025643,LOW,0
C0523,23,35.43,6.67,4.84,146,28.6,0,0,0.23833333333333329,0.30666666666666664,0.053846153846153794,20.50589743589743,LOW,0
C0524,15,38.02,6.95,6.55,742,11.4,1,1,0.6700000000000005,0.5916666666666667,0.7153846153846154,65.66525641025642,HIGH,1
C0525,28,35.11,6.58,4.95,134,28.5,0,0,0.18499999999999991,0.325,0.057692307692307696,19.453461538461536,LOW,0
C0526,2,35.82,6.83,4.41,153,18.9,0,0,0.3033333333333334,0.23500000000000001,0.42692307692307696,31.772948717948722,LOW,0
C0527,2,35.44,6.73,4.91,186,18.2,0,0,0.23999999999999963,0.31833333333333336,0.4538461538461539,33.370897435897426,LOW,0
C0528,23,35.71,6.71,5.03,143,21.0,0,0,0.28500000000000014,0.3383333333333334,0.34615384615384615,32.26243589743591,LOW,0
C0529,22,35.06,6.67,4.96,102,18.3,0,0,0.17666666666666705,0.32666666666666666,0.44999999999999996,31.39000000000001,LOW,0
C0530,19,35.28,6.63,4.78,152,21.2,0,0,0.2133333333333335,0.2966666666666667,0.3384615384615385,28.128974358974368,LOW,0
C0531,25,35.86,6.77,4.63,155,16.0,0,0,0.3099999999999999,0.27166666666666667,0.5384615384615384,36.74064102564102,LOW,0
C0532,26,35.31,6.66,4.53,157,19.3,0,0,0.2183333333333337,0.25500000000000006,0.4115384615384615,29.106025641025656,LOW,0
C0533,30,36.36,6.45,5.14,187,23.9,0,0,0.39333333333333326,0.35666666666666663,0.23461538461538467,33.12974358974359,LOW,0
C0534,29,35.3,6.54,4.49,191,19.8,0,0,0.2166666666666662,0.24833333333333338,0.3923076923076923,28.219871794871782,LOW,0
C0535,22,35.61,6.63,4.39,126,20.4,0,0,0.26833333333333326,0.2316666666666666,0.3692307692307693,28.677820512820514,LOW,0
C0536,26,35.97,6.68,4.9,125,21.4,0,0,0.32833333333333314,0.3166666666666667,0.3307692307692308,32.50051282051282,LOW,0
C0537,26,34.79,6.64,4.46,108,23.5,0,0,0.13166666666666652,0.24333333333333332,0.25,20.74333333333333,LOW,0
C0538,22,34.62,6.77,4.41,178,15.0,0,0,0.1033333333333329,0.23500000000000001,0.5769230769230769,29.622948717948706,LOW,0
C0539,17,34.74,6.45,4.27,208,21.8,0,0,0.12333333333333367,0.2116666666666666,0.3153846153846154,21.378589743589753,LOW,0
C0540,20,36.13,6.66,4.56,137,19.2,0,0,0.3550000000000004,0.25999999999999995,0.4153846153846154,34.04692307692309,LOW,0
C0541,10,35.22,6.47,4.68,140,20.5,0,0,0.20333333333333314,0.27999999999999997,0.36538461538461536,28.040256410256404,LOW,0
C0542,6,38.49,7.16,7.31,801,9.4,1,1,0.7483333333333336,0.7183333333333333,0.7923076923076924,75.14653846153847,HIGH,1
C0543,15,35.22,6.64,4.99,170,16.4,0,0,0.20333333333333314,0.3316666666666667,0.5230769230769231,34.737051282051276,LOW,0
C0544,22,35.59,6.69,4.86,167,17.0,0,0,0.26500000000000057,0.31000000000000005,0.5,35.36000000000003,LOW,0
C0545,11,36.27,6.56,4.64,102,14.2,0,0,0.37833333333333385,0.27333333333333326,0.6076923076923078,41.26846153846155,MODERATE,1
C0546,28,36.5,6.78,4.64,177,18.4,0,0,0.4166666666666667,0.27333333333333326,0.44615384615384623,37.56410256410256,LOW,0
C0547,5,36.53,6.75,4.85,113,24.0,0,0,0.42166666666666686,0.3083333333333333,0.23076923076923078,32.2821794871795,LOW,0
C0548,1,36.1,6.71,5.08,105,19.6,0,0,0.35000000000000026,0.3466666666666667,0.39999999999999997,36.43333333333334,LOW,0
C0549,8,36.01,6.64,4.74,136,16.0,0,0,0.3349999999999997,0.29000000000000004,0.5384615384615384,38.232307692307685,LOW,0
C0550,21,35.8,6.71,4.56,127,18.5,0,0,0.29999999999999954,0.25999999999999995,0.4423076923076923,33.01153846153845,LOW,0
C0551,28,35.89,6.58,4.4,141,15.5,0,0,0.3150000000000001,0.2333333333333334,0.5576923076923077,36.16512820512821,LOW,0
C0552,12,35.22,6.74,4.27,92,16.6,0,0,0.20333333333333314,0.2116666666666666,0.5153846153846153,30.298589743589734,LOW,0
C0553,12,35.09,6.81,4.9,188,21.2,0,0,0.18166666666666723,0.3166666666666667,0.3384615384615385,27.75230769230771,LOW,0
C0554,5,35.5,6.76,4.87,195,16.5,0,0,0.25,0.3116666666666667,0.5192307692307693,35.50448717948718,LOW,0
C0555,7,35.41,6.58,4.87,72,23.3,0,0,0.23499999999999943,0.3116666666666667,0.25769230769230766,26.886794871794855,LOW,0
C0556,4,35.27,6.69,4.66,189,19.8,0,0,0.2116666666666672,0.27666666666666667,0.3923076923076923,29.04153846153848,LOW,0
C0557,6,35.85,6.52,5.12,118,20.3,0,0,0.30833333333333357,0.35333333333333333,0.37307692307692303,34.415384615384625,LOW,0
C0558,13,35.98,6.71,4.55,184,19.2,0,0,0.32999999999999946,0.2583333333333333,0.4153846153846154,33.138589743589726,LOW,0
C0559,20,35.54,6.7,4.99,147,22.3,0,0,0.25666666666666654,0.3316666666666667,0.2961538461538461,29.51576923076923,LOW,0
C0560,30,38.44,7.03,6.73,642,7.3,1,1,0.7399999999999997,0.6216666666666667,0.8730769230769231,73.98371794871792,HIGH,1
C0561,15,34.93,6.53,4.52,143,21.0,0,0,0.15499999999999994,0.25333333333333324,0.34615384615384615,24.86743589743589,LOW,0
C0562,3,35.4,6.62,4.88,198,21.7,0,0,0.2333333333333331,0.3133333333333333,0.31923076923076926,28.79615384615384,LOW,0
C0563,23,35.14,6.62,4.82,100,19.4,0,0,0.19000000000000009,0.3033333333333334,0.40769230769230774,29.715128205128217,LOW,0
C0564,8,34.57,6.53,4.81,174,21.6,0,0,0.09500000000000004,0.3016666666666666,0.32307692307692304,23.803717948717946,LOW,0
C0565,20,35.46,6.69,4.72,194,19.0,0,0,0.24333333333333348,0.2866666666666666,0.4230769230769231,31.42205128205129,LOW,0
C0566,16,35.44,6.68,4.69,179,20.0,0,0,0.23999999999999963,0.28166666666666673,0.38461538461538464,29.94141025641025,LOW,0
C0567,13,38.42,7.09,7.05,810,10.3,0,1,0.7366666666666669,0.6749999999999999,0.7576923076923077,72.16012820512822,HIGH,1
C0568,18,35.82,6.57,5.06,129,18.6,0,0,0.3033333333333334,0.34333333333333327,0.4384615384615384,35.92230769230768,LOW,0
C0569,28,37.72,7.19,6.18,499,10.0,1,1,0.6199999999999998,0.5299999999999999,0.7692307692307693,63.476153846153835,HIGH,1
C0570,10,36.43,6.82,4.73,146,21.4,0,0,0.40499999999999997,0.2883333333333334,0.3307692307692308,34.11551282051282,LOW,0
C0571,30,36.11,6.6,5.0,199,23.9,0,0,0.35166666666666657,0.3333333333333333,0.23461538461538467,30.896410256410256,LOW,0
C0572,19,35.79,6.59,4.86,150,23.5,0,0,0.2983333333333332,0.31000000000000005,0.25,28.743333333333332,LOW,0
C0573,17,38.23,7.07,7.18,543,9.6,1,1,0.7049999999999995,0.6966666666666667,0.7846153846153846,72.67641025641024,HIGH,1
C0574,24,35.02,6.61,4.61,202,23.9,0,0,0.1700000000000005,0.26833333333333337,0.23461538461538467,22.44474358974361,LOW,0
C0575,19,38.0,7.07,6.37,761,8.7,1,1,0.6666666666666666,0.5616666666666666,0.8192307692307692,67.72115384615385,HIGH,1
C0576,28,36.04,6.72,3.75,93,21.8,0,0,0.33999999999999986,0.125,0.3153846153846154,25.71192307692307,LOW,0
C0577,26,36.44,6.46,4.76,129,17.3,0,0,0.4066666666666663,0.2933333333333333,0.48846153846153845,39.23564102564101,LOW,0
C0578,23,37.81,7.15,6.81,675,10.8,1,1,0.6350000000000003,0.6349999999999999,0.7384615384615384,66.7073076923077,HIGH,1
C0579,26,35.26,6.66,5.18,206,20.9,0,0,0.20999999999999966,0.3633333333333333,0.35000000000000003,30.70666666666666,LOW,0
C0580,5,34.94,6.61,4.71,154,15.5,0,0,0.1566666666666663,0.285,0.5576923076923077,32.59012820512819,LOW,0
C0581,26,35.57,6.64,4.34,203,21.8,0,0,0.2616666666666667,0.2233333333333333,0.3153846153846154,26.490256410256414,LOW,0
C0582,21,37.96,7.25,6.43,578,8.7,1,1,0.6600000000000001,0.5716666666666667,0.8192307692307692,67.84448717948719,HIGH,1
C0583,30,37.24,7.19,7.46,671,9.6,1,1,0.5400000000000004,0.7433333333333333,0.7846153846153846,68.6997435897436,HIGH,1
C0584,23,35.43,6.8,4.84,138,24.1,0,0,0.23833333333333329,0.30666666666666664,0.22692307692307687,25.871282051282048,LOW,0
C0585,9,35.27,6.65,4.79,145,19.4,0,0,0.2116666666666672,0.29833333333333334,0.40769230769230774,30.276794871794888,LOW,0
C0586,12,38.29,7.14,8.05,662,7.7,1,1,0.7149999999999999,0.8416666666666668,0.8576923076923078,80.35679487179486,HIGH,1
C0587,21,35.76,6.75,4.46,178,13.3,0,0,0.293333333333333,0.24333333333333332,0.6423076923076922,38.40153846153845,LOW,0
C0588,1,35.23,6.55,4.71,132,27.3,0,0,0.2049999999999995,0.285,0.10384615384615382,20.164230769230752,LOW,0
C0589,26,38.0,7.07,6.18,537,12.0,0,1,0.6666666666666666,0.5299999999999999,0.6923076923076923,62.67820512820512,HIGH,1
C0590,26,34.06,6.62,4.91,148,19.1,0,0,0.010000000000000378,0.31833333333333336,0.4192307692307692,24.47782051282052,LOW,0
C0591,1,35.49,6.73,4.86,113,14.1,0,0,0.24833333333333366,0.31000000000000005,0.6115384615384616,38.251025641025656,LOW,0
C0592,15,36.39,6.44,4.85,145,20.9,0,0,0.39833333333333343,0.3083333333333333,0.35000000000000003,35.185,LOW,0
C0593,2,38.25,7.04,7.41,604,9.3,0,1,0.7083333333333334,0.735,0.7961538461538461,74.48910256410257,HIGH,1
C0594,30,37.74,6.86,6.7,398,10.8,0,1,0.6233333333333336,0.6166666666666667,0.7384615384615384,65.66897435897437,HIGH,1
C0595,22,36.92,7.06,6.62,637,13.1,1,1,0.48666666666666697,0.6033333333333334,0.6499999999999999,57.81333333333335,MODERATE,1
C0596,16,35.73,6.7,4.61,153,17.2,0,0,0.28833333333333283,0.26833333333333337,0.49230769230769234,34.45653846153844,LOW,0
C0597,25,37.76,7.15,7.82,671,8.8,1,1,0.6266666666666664,0.8033333333333333,0.8153846153846154,74.7002564102564,HIGH,1
C0598,8,37.57,7.14,7.03,282,8.5,1,1,0.5950000000000001,0.6716666666666667,0.8269230769230769,69.37294871794873,HIGH,1
C0599,13,35.88,6.64,4.44,103,22.9,0,0,0.31333333333333374,0.24000000000000007,0.2730769230769231,27.518717948717963,LOW,0
C0600,21,37.8,6.97,7.46,511,8.4,0,1,0.6333333333333329,0.7433333333333333,0.8307692307692308,73.30384615384614,HIGH,1
C0601,1,35.45,6.73,5.03,261,15.8,0,0,0.24166666666666714,0.3383333333333334,0.5461538461538461,36.98910256410258,LOW,0
C0602,16,35.4,6.61,4.62,108,22.9,0,0,0.2333333333333331,0.27,0.2730769230769231,25.84871794871794,LOW,0
C0603,29,35.06,6.36,4.63,96,19.2,0,0,0.17666666666666705,0.27166666666666667,0.4153846153846154,28.391923076923085,LOW,0
C0604,7,35.09,6.61,4.58,179,15.8,0,0,0.18166666666666723,0.26333333333333336,0.5461538461538461,32.32410256410259,LOW,0
C0605,5,35.39,6.55,4.54,67,24.1,0,0,0.23166666666666677,0.25666666666666665,0.22692307692307687,23.894615384615385,LOW,0
C0606,22,35.68,6.49,4.79,141,26.3,0,0,0.27999999999999997,0.29833333333333334,0.14230769230769227,24.37320512820513,LOW,0
C0607,29,35.96,6.53,4.25,236,19.9,0,0,0.3266666666666668,0.20833333333333334,0.3884615384615385,30.440641025641035,LOW,0
C0608,23,35.1,6.66,5.08,88,26.5,0,0,0.18333333333333357,0.3466666666666667,0.1346153846153846,22.5397435897436,LOW,0
C0609,3,36.25,6.78,4.5,71,20.3,0,0,0.375,0.25,0.37307692307692303,33.065384615384616,LOW,0
C0610,12,35.36,6.68,4.92,90,18.9,0,0,0.22666666666666657,0.32,0.42692307692307696,32.14128205128205,LOW,0
C0611,26,35.49,6.59,4.32,186,18.1,0,0,0.24833333333333366,0.22000000000000006,0.4576923076923076,30.33179487179488,LOW,0
C0612,16,35.13,6.7,4.9,195,24.9,0,0,0.18833333333333377,0.3166666666666667,0.1961538461538462,23.567435897435917,LOW,0
C0613,19,34.29,6.6,4.9,129,17.7,0,0,0.048333333333333194,0.3166666666666667,0.4730769230769231,27.392051282051277,LOW,0
C0614,5,35.94,6.58,4.82,177,22.2,0,0,0.323333333333333,0.3033333333333334,0.30000000000000004,30.909999999999993,LOW,0
C0615,22,37.69,7.04,6.82,511,8.9,1,1,0.6149999999999997,0.6366666666666667,0.8115384615384615,68.35102564102563,HIGH,1
C0616,25,35.36,6.47,4.77,221,18.6,0,0,0.22666666666666657,0.29499999999999993,0.4384615384615384,31.62397435897435,LOW,0
C0617,29,35.53,6.61,4.35,140,23.1,0,0,0.25500000000000017,0.22499999999999995,0.26538461538461533,24.77192307692308,LOW,0
C0618,14,35.76,6.67,4.62,58,18.9,0,0,0.293333333333333,0.27,0.42692307692307696,32.657948717948706,LOW,0
C0619,28,37.44,7.3,6.94,730,9.1,0,1,0.5733333333333329,0.6566666666666667,0.8038461538461538,67.39589743589742,HIGH,1
C0620,5,35.24,6.61,4.94,133,23.4,0,0,0.206666666666667,0.3233333333333334,0.2538461538461539,26.212564102564116,LOW,0
C0621,15,37.92,7.06,6.8,542,8.2,1,1,0.6533333333333337,0.6333333333333333,0.8384615384615385,70.3723076923077,HIGH,1
C0622,17,34.87,6.71,4.41,142,21.9,0,0,0.14499999999999957,0.23500000000000001,0.3115384615384616,22.812692307692295,LOW,0
C0623,30,38.08,7.13,6.63,580,7.4,1,1,0.6799999999999997,0.605,0.8692307692307693,71.24115384615384,HIGH,1
C0624,14,34.82,6.73,4.71,201,18.5,0,0,0.13666666666666671,0.285,0.4423076923076923,28.33320512820513,LOW,0
C0625,30,38.56,7.14,6.31,765,11.9,1,1,0.7600000000000003,0.5516666666666666,0.6961538461538462,66.72910256410259,HIGH,1
C0626,20,35.48,6.57,4.93,194,21.0,0,0,0.24666666666666615,0.3216666666666666,0.34615384615384615,30.37576923076921,LOW,0
C0627,5,34.69,6.5,4.69,164,17.0,0,0,0.11499999999999962,0.28166666666666673,0.5,29.268333333333317,LOW,0
C0628,12,36.08,6.6,5.06,153,22.2,0,0,0.3466666666666664,0.34333333333333327,0.30000000000000004,33.103333333333325,LOW,0
C0629,16,35.13,6.75,4.37,186,20.3,0,0,0.18833333333333377,0.22833333333333336,0.37307692307692303,25.96038461538463,LOW,0
C0630,26,35.09,6.7,3.75,153,14.9,0,0,0.18166666666666723,0.125,0.5807692307692307,28.555512820512835,LOW,0
C0631,26,37.52,7.24,7.75,638,7.5,1,1,0.5866666666666672,0.7916666666666666,0.8653846153846154,74.4819230769231,HIGH,1
C0632,16,37.52,7.26,7.31,557,10.9,1,1,0.5866666666666672,0.7183333333333333,0.7346153846153847,67.86141025641028,HIGH,1
C0633,21,34.99,6.54,4.19,129,19.8,0,0,0.16500000000000034,0.1983333333333334,0.3923076923076923,24.71320512820514,LOW,0
C0634,7,35.53,6.62,4.41,145,25.7,0,0,0.25500000000000017,0.23500000000000001,0.1653846153846154,22.021923076923084,LOW,0
C0635,4,35.71,6.57,5.53,168,20.7,0,0,0.28500000000000014,0.4216666666666667,0.3576923076923077,35.536794871794875,LOW,0
C0636,1,35.85,6.78,4.61,201,17.5,0,0,0.30833333333333357,0.26833333333333337,0.4807692307692308,34.77884615384617,LOW,0
C0637,30,35.59,6.53,4.92,149,20.7,0,0,0.26500000000000057,0.32,0.3576923076923077,31.298461538461552,LOW,0
C0638,30,35.32,6.74,4.5,93,18.9,0,0,0.22000000000000006,0.25,0.42692307692307696,29.46461538461539,LOW,0
C0639,5,35.09,6.74,4.07,184,21.0,0,0,0.18166666666666723,0.17833333333333337,0.34615384615384615,23.149102564102584,LOW,0
C0640,23,35.54,6.83,4.65,180,21.7,0,0,0.25666666666666654,0.2750000000000001,0.31923076923076926,28.247820512820514,LOW,0
C0641,26,34.96,6.61,4.62,72,23.6,0,0,0.16000000000000014,0.27,0.2461538461538461,22.520769230769236,LOW,0
C0642,10,34.04,6.72,4.58,150,19.9,0,0,0.006666666666666525,0.26333333333333336,0.3884615384615385,21.485641025641023,LOW,0
C0643,22,35.72,6.88,4.67,86,24.9,0,0,0.28666666666666646,0.2783333333333333,0.1961538461538462,25.569102564102558,LOW,0
C0644,5,35.95,6.59,4.78,123,22.7,0,0,0.32500000000000046,0.2966666666666667,0.28076923076923077,30.1371794871795,LOW,0
C0645,4,37.96,6.89,7.36,690,6.7,1,1,0.6600000000000001,0.7266666666666667,0.8961538461538462,75.65410256410257,HIGH,1
C0646,2,35.0,6.46,4.32,182,26.6,0,0,0.16666666666666666,0.22000000000000006,0.13076923076923072,17.42051282051282,LOW,0
C0647,20,35.81,6.72,4.85,155,21.0,0,0,0.301666666666667,0.3083333333333333,0.34615384615384615,31.779102564102573,LOW,0
C0648,10,36.53,6.46,4.12,99,17.5,0,0,0.42166666666666686,0.18666666666666668,0.4807692307692308,35.773846153846165,LOW,0
C0649,26,35.51,6.61,4.08,185,25.0,0,0,0.2516666666666663,0.18000000000000002,0.19230769230769232,20.81820512820512,LOW,0
C0650,19,38.03,7.14,7.03,422,11.4,0,1,0.6716666666666669,0.6716666666666667,0.7153846153846154,68.52192307692309,HIGH,1
C0651,26,35.41,6.67,4.85,163,19.9,0,0,0.23499999999999943,0.3083333333333333,0.3884615384615385,30.823974358974336,LOW,0
C0652,1,36.19,6.69,4.68,117,18.5,0,0,0.3649999999999996,0.27999999999999997,0.4423076923076923,35.92153846153845,LOW,0
C0653,24,35.18,6.67,4.28,135,19.5,0,0,0.19666666666666663,0.21333333333333337,0.40384615384615385,26.6725641025641,LOW,0
C0654,5,37.86,7.15,7.29,499,10.3,0,1,0.6433333333333332,0.715,0.7576923076923077,70.38679487179486,HIGH,1
C0655,13,38.84,6.96,7.01,391,9.8,1,1,0.8066666666666672,0.6683333333333333,0.7769230769230769,74.90294871794873,HIGH,1
C0656,4,35.02,6.58,4.22,203,21.7,0,0,0.1700000000000005,0.20333333333333328,0.31923076923076926,22.792820512820526,LOW,0
C0657,16,35.56,6.57,4.48,147,20.3,0,0,0.2600000000000004,0.24666666666666673,0.37307692307692303,29.038717948717963,LOW,0
C0658,24,36.31,6.73,4.9,162,24.5,0,0,0.3850000000000004,0.3166666666666667,0.21153846153846154,30.731025641025656,LOW,0
C0659,16,38.41,7.05,7.25,448,10.0,1,1,0.7349999999999994,0.7083333333333334,0.7692307692307693,73.62782051282049,HIGH,1
C0660,23,35.37,6.7,4.57,157,23.1,0,0,0.22833333333333292,0.2616666666666667,0.26538461538461533,25.148589743589728,LOW,0
C0661,2,38.41,7.1,7.13,884,9.3,1,1,0.7349999999999994,0.6883333333333334,0.7961538461538461,73.76243589743588,HIGH,1
C0662,17,34.72,6.53,4.13,146,21.3,0,0,0.11999999999999982,0.18833333333333332,0.3346153846153846,21.044743589743582,LOW,0
C0663,28,35.94,6.82,4.9,78,19.7,0,0,0.323333333333333,0.3166666666666667,0.3961538461538462,34.357435897435884,LOW,0
C0664,27,35.46,6.8,4.46,163,19.8,0,0,0.24333333333333348,0.24333333333333332,0.3923076923076923,28.95153846153847,LOW,0
C0665,20,35.41,6.72,4.79,165,18.9,0,0,0.23499999999999943,0.29833333333333334,0.42692307692307696,31.666282051282035,LOW,0
C0666,24,37.1,6.83,4.63,123,24.0,0,0,0.5166666666666669,0.27166666666666667,0.23076923076923078,34.22884615384616,LOW,0
C0667,12,35.65,6.48,5.1,99,17.8,0,0,0.27499999999999974,0.3499999999999999,0.46923076923076923,36.14615384615384,LOW,0
C0668,18,35.12,6.6,4.44,209,17.8,0,0,0.18666666666666623,0.24000000000000007,0.46923076923076923,29.292820512820494,LOW,0
C0669,3,35.29,6.58,4.89,170,26.4,0,0,0.21499999999999986,0.31499999999999995,0.13846153846153852,22.62730769230769,LOW,0
C0670,28,36.07,6.72,4.62,141,22.9,0,0,0.34500000000000003,0.27,0.2730769230769231,29.645384615384618,LOW,0
C0671,1,35.56,6.54,4.65,105,12.8,0,0,0.2600000000000004,0.2750000000000001,0.6615384615384615,38.97269230769233,LOW,0
C0672,1,38.58,6.96,5.91,327,11.7,1,1,0.7633333333333331,0.48500000000000004,0.7038461538461539,64.7475641025641,HIGH,1
C0673,29,37.89,6.91,6.33,576,9.5,1,1,0.6483333333333334,0.555,0.7884615384615384,65.91064102564104,HIGH,1
C0674,19,37.98,7.18,7.04,974,7.7,1,1,0.6633333333333328,0.6733333333333333,0.8576923076923078,72.70846153846152,HIGH,1
C0675,11,37.23,7.03,7.66,599,10.8,1,1,0.5383333333333328,0.7766666666666667,0.7384615384615384,68.37897435897433,HIGH,1
C0676,5,36.04,6.55,4.77,170,19.6,0,0,0.33999999999999986,0.29499999999999993,0.39999999999999997,34.285,LOW,0
C0677,12,35.28,6.57,4.73,117,16.6,0,0,0.2133333333333335,0.2883333333333334,0.5153846153846153,33.321923076923085,LOW,0
C0678,3,36.14,6.77,4.94,210,20.2,0,0,0.35666666666666674,0.3233333333333334,0.37692307692307697,35.127948717948726,LOW,0
C0679,1,35.53,6.73,4.98,204,15.1,0,0,0.25500000000000017,0.33000000000000007,0.573076923076923,37.98538461538462,LOW,0
C0680,1,35.93,6.65,4.38,131,20.2,0,0,0.3216666666666666,0.22999999999999998,0.37692307692307697,30.671282051282052,LOW,0
C0681,8,38.28,7.19,6.43,475,8.2,1,1,0.7133333333333335,0.5716666666666667,0.8384615384615385,70.25397435897436,HIGH,1
C0682,10,35.08,6.45,4.34,45,24.5,0,0,0.17999999999999972,0.2233333333333333,0.21153846153846154,20.49435897435896,LOW,0
C0683,11,35.18,6.54,4.88,91,24.2,0,0,0.19666666666666663,0.3133333333333333,0.22307692307692312,24.56871794871795,LOW,0
C0684,12,36.01,6.84,4.89,96,22.4,0,0,0.3349999999999997,0.31499999999999995,0.2923076923076924,31.47653846153845,LOW,0
C0685,29,35.33,6.52,4.13,155,19.0,0,0,0.22166666666666637,0.18833333333333332,0.4230769230769231,27.243717948717936,LOW,0
C0686,13,35.3,6.67,4.73,137,26.0,0,0,0.2166666666666662,0.2883333333333334,0.15384615384615385,22.22756410256409,LOW,0
C0687,12,35.02,6.75,4.56,96,15.3,0,0,0.1700000000000005,0.25999999999999995,0.5653846153846154,32.406923076923086,LOW,0
C0688,14,38.41,7.08,6.3,633,6.3,1,1,0.7349999999999994,0.5499999999999999,0.9115384615384615,72.49769230769229,HIGH,1
C0689,2,36.53,6.67,5.11,170,19.7,0,0,0.42166666666666686,0.35166666666666674,0.3961538461538462,38.925769230769234,LOW,0
C0690,29,34.97,6.74,4.5,171,26.8,0,0,0.1616666666666665,0.25,0.12307692307692306,18.062051282051275,LOW,0
C0691,19,38.87,7.12,7.19,683,7.6,1,1,0.8116666666666662,0.6983333333333334,0.8615384615384615,78.74602564102562,HIGH,1
C0692,18,38.69,7.18,6.52,547,10.4,0,1,0.7816666666666663,0.5866666666666666,0.7538461538461539,70.47923076923077,HIGH,1
C0693,3,37.35,6.94,5.38,498,8.9,1,1,0.5583333333333336,0.39666666666666667,0.8115384615384615,58.02435897435898,MODERATE,1
C0694,23,38.34,7.13,7.48,523,8.4,1,1,0.7233333333333339,0.7466666666666667,0.8307692307692308,76.48051282051284,HIGH,1
C0695,17,34.97,6.63,5.05,181,22.9,0,0,0.1616666666666665,0.3416666666666666,0.2730769230769231,25.920384615384606,LOW,0
C0696,26,35.71,6.73,4.86,114,22.4,0,0,0.28500000000000014,0.31000000000000005,0.2923076923076924,29.601538461538475,LOW,0
C0697,8,35.41,6.69,4.05,119,18.1,0,0,0.23499999999999943,0.17499999999999996,0.4576923076923076,28.303461538461516,LOW,0
C0698,29,35.99,6.58,4.54,132,17.9,0,0,0.331666666666667,0.25666666666666665,0.46538461538461545,34.686923076923094,LOW,0
C0699,26,36.09,6.67,4.53,60,16.1,0,0,0.3483333333333339,0.25500000000000006,0.5346153846153846,37.34141025641028,LOW,0
C0700,10,36.79,6.46,4.84,163,20.3,0,0,0.46499999999999986,0.30666666666666664,0.37307692307692303,38.10871794871794,LOW,0
C0701,26,35.79,6.71,3.91,139,16.8,0,0,0.2983333333333332,0.1516666666666667,0.5076923076923077,31.190128205128197,LOW,0
C0702,30,35.66,6.68,5.46,189,16.5,0,0,0.2766666666666661,0.41,0.5192307692307693,39.8528205128205,LOW,0
C0703,2,35.6,6.71,4.86,106,18.7,0,0,0.2666666666666669,0.31000000000000005,0.4346153846153846,33.3897435897436,LOW,0
C0704,19,35.32,6.76,4.74,125,18.5,0,0,0.22000000000000006,0.29000000000000004,0.4423076923076923,31.341538461538466,LOW,0
C0705,9,35.67,6.69,5.05,90,18.4,0,0,0.2783333333333336,0.3416666666666666,0.44615384615384623,35.25243589743591,LOW,0
C0706,7,35.35,6.66,5.4,110,21.4,0,0,0.22500000000000023,0.4000000000000001,0.3307692307692308,31.90384615384616,LOW,0
C0707,4,37.71,7.25,7.31,590,9.4,1,1,0.6183333333333335,0.7183333333333333,0.7923076923076924,70.72653846153847,HIGH,1
C0708,26,36.16,6.58,4.98,190,19.1,0,0,0.35999999999999943,0.33000000000000007,0.4192307692307692,36.78615384615382,LOW,0
C0709,21,35.0,6.77,4.74,122,20.5,0,0,0.16666666666666666,0.29000000000000004,0.36538461538461536,27.143589743589747,LOW,0
C0710,18,36.07,6.79,4.66,155,17.0,0,0,0.34500000000000003,0.27666666666666667,0.5,36.913333333333334,LOW,0
C0711,13,38.04,7.17,6.77,838,9.6,1,1,0.6733333333333332,0.6283333333333333,0.7846153846153846,69.20807692307692,HIGH,1
C0712,11,35.44,6.65,4.45,99,20.5,0,0,0.23999999999999963,0.2416666666666667,0.36538461538461536,27.945256410256402,LOW,0
C0713,29,34.44,6.56,4.49,143,15.5,0,0,0.07333333333333296,0.24833333333333338,0.5576923076923077,28.47346153846153,LOW,0
C0714,24,35.2,6.77,4.29,174,23.0,0,0,0.20000000000000048,0.215,0.2692307692307692,22.671153846153864,LOW,0
C0715,4,36.15,6.72,4.68,102,17.4,0,0,0.3583333333333331,0.27999999999999997,0.48461538461538467,37.00641025641025,LOW,0
C0716,25,38.44,7.04,6.08,521,11.5,0,1,0.7399999999999997,0.5133333333333333,0.7115384615384616,65.18435897435896,HIGH,1
C0717,21,35.0,6.56,4.76,116,23.5,0,0,0.16666666666666666,0.2933333333333333,0.25,23.683333333333334,LOW,0
C0718,29,35.25,6.61,4.69,131,22.8,0,0,0.20833333333333334,0.28166666666666673,0.2769230769230769,25.526282051282056,LOW,0
C0719,25,38.34,6.98,5.93,622,9.1,1,1,0.7233333333333339,0.4883333333333333,0.8038461538461538,66.60423076923078,HIGH,1
C0720,4,37.9,7.21,7.47,500,6.3,1,1,0.6499999999999998,0.745,0.9115384615384615,76.43269230769229,HIGH,1
C0721,10,35.38,6.63,5.62,152,22.8,0,0,0.23000000000000043,0.4366666666666667,0.2769230769230769,31.687948717948732,LOW,0
C0722,5,39.18,7.03,6.82,628,9.2,1,1,0.8633333333333333,0.6366666666666667,0.8,76.43666666666667,HIGH,1
C0723,9,35.3,6.74,4.33,155,18.1,0,0,0.2166666666666662,0.22166666666666668,0.4576923076923076,29.31346153846152,LOW,0
C0724,24,35.04,6.72,4.77,55,17.6,0,0,0.1733333333333332,0.29499999999999993,0.4769230769230769,31.00294871794871,LOW,0
C0725,3,36.31,6.56,4.52,77,13.8,0,0,0.3850000000000004,0.25333333333333324,0.6230769230769231,41.272051282051294,MODERATE,1
C0726,17,35.34,6.79,4.4,175,20.5,0,0,0.2233333333333339,0.2333333333333334,0.36538461538461536,27.086923076923096,LOW,0
C0727,3,36.11,6.77,4.3,191,19.8,0,0,0.35166666666666657,0.21666666666666665,0.3923076923076923,31.70153846153846,LOW,0
C0728,16,38.73,6.9,7.47,592,6.6,1,1,0.7883333333333328,0.745,0.8999999999999999,80.77833333333331,HIGH,1
C0729,4,37.33,7.06,6.98,590,10.1,1,1,0.5549999999999997,0.6633333333333334,0.7653846153846153,65.81358974358974,HIGH,1
C0730,18,35.28,6.71,4.99,162,24.0,0,0,0.2133333333333335,0.3316666666666667,0.23076923076923078,26.015512820512825,LOW,0
C0731,17,37.7,7.16,6.32,507,4.7,1,1,0.6166666666666671,0.5533333333333333,0.9730769230769231,70.49871794871795,HIGH,1
C0732,7,35.49,6.65,5.11,69,23.4,0,0,0.24833333333333366,0.35166666666666674,0.2538461538461539,28.62089743589745,LOW,0
C0733,24,35.05,6.43,4.44,115,18.4,0,0,0.17499999999999952,0.24000000000000007,0.44615384615384623,28.180769230769222,LOW,0
C0734,23,35.66,6.74,4.84,137,22.3,0,0,0.2766666666666661,0.30666666666666664,0.2961538461538461,29.320769230769205,LOW,0
C0735,30,34.91,6.49,4.89,178,15.6,0,0,0.1516666666666661,0.31499999999999995,0.5538461538461539,33.350897435897416,LOW,0
C0736,5,38.43,7.08,6.05,473,9.9,1,1,0.7383333333333333,0.5083333333333333,0.7730769230769231,66.86038461538462,HIGH,1
C0737,12,37.81,7.19,7.43,729,9.7,1,1,0.6350000000000003,0.7383333333333333,0.7807692307692308,71.63551282051283,HIGH,1
C0738,17,35.6,6.63,5.18,94,19.2,0,0,0.2666666666666669,0.3633333333333333,0.4153846153846154,34.660256410256416,LOW,0
C0739,23,35.64,6.59,4.77,166,21.3,0,0,0.27333333333333343,0.29499999999999993,0.3346153846153846,29.991410256410255,LOW,0
C0740,13,35.37,6.62,4.89,203,18.4,0,0,0.22833333333333292,0.31499999999999995,0.44615384615384623,32.619102564102555,LOW,0
C0741,23,35.79,6.79,4.45,154,16.8,0,0,0.2983333333333332,0.2416666666666667,0.5076923076923077,34.3401282051282,LOW,0
C0742,25,37.66,7.24,5.93,523,10.1,1,1,0.6099999999999994,0.4883333333333333,0.7653846153846153,61.55858974358972,HIGH,1
C0743,3,35.94,6.78,4.53,188,19.7,0,0,0.323333333333333,0.25500000000000006,0.3961538461538462,32.19910256410255,LOW,0
C0744,9,34.83,6.68,4.66,177,18.5,0,0,0.13833333333333306,0.27666666666666667,0.4423076923076923,28.098205128205123,LOW,0
C0745,30,35.56,6.53,4.38,109,20.1,0,0,0.2600000000000004,0.22999999999999998,0.3807692307692307,28.693846153846163,LOW,0
C0746,17,36.47,6.54,4.7,165,27.9,0,0,0.41166666666666646,0.2833333333333334,0.08076923076923083,26.41717948717948,LOW,0
C0747,17,35.0,6.82,4.19,190,23.5,0,0,0.16666666666666666,0.1983333333333334,0.25,20.358333333333334,LOW,0
C0748,30,35.16,6.56,4.36,197,23.5,0,0,0.19333333333333277,0.2266666666666667,0.25,22.256666666666646,LOW,0
C0749,20,35.76,6.53,4.9,147,21.3,0,0,0.293333333333333,0.3166666666666667,0.3346153846153846,31.42974358974358,LOW,0
C0750,16,35.59,6.76,4.88,136,20.5,0,0,0.26500000000000057,0.3133333333333333,0.36538461538461536,31.30358974358976,LOW,0
C0751,25,38.29,6.95,6.79,521,8.8,0,1,0.7149999999999999,0.6316666666666667,0.8153846153846154,71.6952564102564,HIGH,1
C0752,22,35.74,6.56,4.39,102,18.0,0,0,0.2900000000000003,0.2316666666666666,0.46153846153846156,32.276025641025655,LOW,0
C0753,13,35.82,6.67,4.39,168,18.6,0,0,0.3033333333333334,0.2316666666666666,0.4384615384615384,32.01397435897436,LOW,0
C0754,27,37.69,7.19,6.5,641,9.3,1,1,0.6149999999999997,0.5833333333333334,0.7961538461538461,66.00743589743588,HIGH,1
C0755,19,35.7,6.76,4.89,193,16.5,0,0,0.2833333333333338,0.31499999999999995,0.5192307692307693,36.75448717948719,LOW,0
C0756,17,37.59,7.12,5.76,235,7.5,1,1,0.5983333333333339,0.45999999999999996,0.8653846153846154,63.27025641025643,HIGH,1
C0757,4,35.84,6.7,4.55,201,19.9,0,0,0.30666666666666725,0.2583333333333333,0.3884615384615385,31.510641025641046,LOW,0
C0758,12,36.45,6.69,4.35,170,22.5,0,0,0.4083333333333338,0.22499999999999995,0.28846153846153844,30.70064102564104,LOW,0
C0759,29,35.43,6.83,4.78,101,23.3,0,0,0.23833333333333329,0.2966666666666667,0.25769230769230766,26.4751282051282,LOW,0
C0760,9,35.01,6.65,4.45,207,21.2,0,0,0.168333333333333,0.2416666666666667,0.3384615384615385,24.67397435897435,LOW,0
C0761,19,36.05,6.53,4.54,212,17.1,0,0,0.3416666666666662,0.25666666666666665,0.4961538461538461,35.98076923076921,LOW,0
C0762,12,35.44,6.69,5.1,185,14.2,0,0,0.23999999999999963,0.3499999999999999,0.6076923076923078,39.24846153846152,LOW,0
C0763,9,34.41,6.86,4.95,120,14.7,0,0,0.06833333333333276,0.325,0.5884615384615385,31.940641025641003,LOW,0
C0764,7,35.92,6.55,4.75,138,16.2,0,0,0.3200000000000003,0.2916666666666667,0.5307692307692308,37.542179487179496,LOW,0
C0765,28,35.23,6.61,4.32,156,17.3,0,0,0.2049999999999995,0.22000000000000006,0.48846153846153845,29.81230769230767,LOW,0
C0766,14,38.16,7.06,6.59,785,9.9,1,1,0.6933333333333328,0.5983333333333333,0.7730769230769231,68.4803846153846,HIGH,1
C0767,20,38.04,7.08,7.03,489,12.5,1,1,0.6733333333333332,0.6716666666666667,0.6730769230769231,67.26705128205128,HIGH,1
C0768,19,36.89,6.91,6.67,749,8.0,1,1,0.48166666666666674,0.6116666666666667,0.8461538461538461,64.01576923076924,HIGH,1
C0769,26,35.85,6.76,5.11,42,19.3,0,0,0.30833333333333357,0.35166666666666674,0.4115384615384615,35.54935897435898,LOW,0
C0770,15,35.28,6.88,5.09,164,20.0,0,0,0.2133333333333335,0.34833333333333333,0.38461538461538464,31.36807692307693,LOW,0
C0771,16,35.76,6.67,5.2,136,23.4,0,0,0.293333333333333,0.3666666666666667,0.2538461538461539,30.675897435897426,LOW,0
C0772,21,35.37,6.56,4.79,147,16.5,0,0,0.22833333333333292,0.29833333333333334,0.5192307692307693,34.30115384615383,LOW,0
C0773,5,35.87,6.5,4.88,135,21.3,0,0,0.31166666666666626,0.3133333333333333,0.3346153846153846,31.93641025641024,LOW,0
C0774,3,35.81,6.68,5.12,182,20.0,0,0,0.301666666666667,0.35333333333333333,0.38461538461538464,34.54641025641027,LOW,0
C0775,12,35.03,6.76,4.83,195,19.0,0,0,0.17166666666666686,0.305,0.4230769230769231,29.627051282051287,LOW,0
C0776,25,36.04,6.7,4.55,161,22.7,0,0,0.33999999999999986,0.2583333333333333,0.28076923076923077,29.305512820512813,LOW,0
C0777,20,35.23,6.65,4.57,136,22.6,0,0,0.2049999999999995,0.2616666666666667,0.28461538461538455,24.951410256410238,LOW,0
C0778,27,35.9,6.59,4.77,148,17.2,0,0,0.31666666666666643,0.29499999999999993,0.49230769230769234,36.35320512820512,LOW,0
C0779,21,35.68,6.54,4.31,151,19.5,0,0,0.27999999999999997,0.21833333333333327,0.40384615384615385,29.680897435897435,LOW,0
C0780,4,37.43,7.27,6.77,543,9.3,1,1,0.5716666666666667,0.6283333333333333,0.7961538461538461,66.10910256410256,HIGH,1
C0781,21,35.39,6.74,5.03,173,19.2,0,0,0.23166666666666677,0.3383333333333334,0.4153846153846154,32.59525641025641,LOW,0
C0782,23,35.33,6.5,4.04,168,21.8,0,0,0.22166666666666637,0.17333333333333334,0.3153846153846154,23.3802564102564,LOW,0
C0783,16,35.49,6.81,5.16,212,20.8,0,0,0.24833333333333366,0.36000000000000004,0.3538461538461538,32.01256410256411,LOW,0
C0784,25,35.35,6.71,5.04,200,25.5,0,0,0.22500000000000023,0.34,0.17307692307692307,24.91538461538462,LOW,0
C0785,7,35.9,6.79,4.56,123,15.4,0,0,0.31666666666666643,0.25999999999999995,0.5615384615384615,37.27435897435897,LOW,0
C0786,13,34.69,6.52,4.86,183,19.6,0,0,0.11499999999999962,0.31000000000000005,0.39999999999999997,27.15999999999999,LOW,0
C0787,21,34.97,6.51,4.7,112,17.3,0,0,0.1616666666666665,0.2833333333333334,0.48846153846153845,30.555641025641023,LOW,0
C0788,10,34.97,6.64,5.07,178,21.8,0,0,0.1616666666666665,0.34500000000000003,0.3153846153846154,27.348589743589734,LOW,0
C0789,26,35.98,6.7,4.99,129,15.1,0,0,0.32999999999999946,0.3316666666666667,0.573076923076923,40.59371794871793,MODERATE,1
C0790,7,36.36,6.83,4.28,109,21.0,0,0,0.39333333333333326,0.21333333333333337,0.34615384615384615,31.570769230769223,LOW,0
C0791,14,37.65,7.16,6.97,528,11.8,1,1,0.6083333333333331,0.6616666666666666,0.7,65.54166666666666,HIGH,1
C0792,26,35.42,6.63,4.64,43,17.8,0,0,0.23666666666666694,0.27333333333333326,0.46923076923076923,32.159487179487186,LOW,0
C0793,5,35.54,6.55,4.72,80,15.7,0,0,0.25666666666666654,0.2866666666666666,0.55,35.809999999999995,LOW,0
C0794,3,37.85,7.13,6.07,491,9.7,1,1,0.6416666666666669,0.5116666666666667,0.7807692307692308,63.928846153846166,HIGH,1
C0795,23,35.04,6.55,5.22,153,23.3,0,0,0.1733333333333332,0.36999999999999994,0.25769230769230766,26.831794871794862,LOW,0
C0796,29,35.62,6.81,5.01,135,19.9,0,0,0.2699999999999996,0.33499999999999996,0.3884615384615385,32.94730769230768,LOW,0
C0797,11,35.99,6.62,4.48,87,21.9,0,0,0.331666666666667,0.24666666666666673,0.3115384615384616,29.567692307692322,LOW,0
C0798,11,35.75,6.81,4.3,117,25.0,0,0,0.2916666666666667,0.21666666666666665,0.19230769230769232,23.46153846153846,LOW,0
C0799,18,38.51,7.05,6.79,492,9.7,1,1,0.7516666666666664,0.6316666666666667,0.7807692307692308,71.86884615384615,HIGH,1
C0800,15,36.0,6.64,4.83,173,18.3,0,0,0.3333333333333333,0.305,0.44999999999999996,35.958333333333336,LOW,0
